date,platform,campaign_id,campaign_name,ad_group_id,ad_group_name,impressions,clicks,spend,conversions,conversion_value,video_views,likes,shares,comments,reach,frequency,quality_score,search_impression_share,ctr,cpc,cpa,conversion_rate,cpm,roas,engagements,engagement_rate
2024-01-01,Facebook,fb_1001,Brand_Awareness_Q1,fbset_2001,Broad_Audience_18-35,45623,892,127.5,12,,8234.0,,,,38234,1.19,,,0.0195515419854021,0.1429372197309417,10.625,0.013452914798206279,2.794643052846152,,,
2024-01-01,Facebook,fb_1002,Conversions_Retargeting,fbset_2002,Cart_Abandoners,12456,567,215.8,34,,1234.0,,,,9876,1.26,,,0.04552023121387283,0.38059964726631396,6.347058823529412,0.059964726631393295,17.324983943481055,,,
2024-01-01,Facebook,fb_1003,Traffic_Drive_Jan,fbset_2003,Lookalike_Purchasers,34567,1234,189.9,23,,4567.0,,,,28934,1.19,,,0.03569878786125495,0.15388978930307942,8.256521739130434,0.018638573743922204,5.493678942343854,,,
2024-01-02,Facebook,fb_1001,Brand_Awareness_Q1,fbset_2001,Broad_Audience_18-35,42345,823,118.2,10,,7890.0,,,,36789,1.15,,,0.01943558861731019,0.14362089914945322,11.82,0.012150668286755772,2.791356712716968,,,
2024-01-02,Facebook,fb_1002,Conversions_Retargeting,fbset_2002,Cart_Abandoners,13678,623,234.5,38,,1456.0,,,,10234,1.34,,,0.045547594677584444,0.37640449438202245,6.171052631578948,0.060995184590690206,17.144319344933468,,,
2024-01-02,Facebook,fb_1003,Traffic_Drive_Jan,fbset_2003,Lookalike_Purchasers,36789,1345,201.3,25,,4890.0,,,,30123,1.22,,,0.03655984125689744,0.14966542750929368,8.052,0.01858736059479554,5.471744271385469,,,
2024-01-03,Facebook,fb_1001,Brand_Awareness_Q1,fbset_2001,Broad_Audience_18-35,48234,967,134.8,14,,8901.0,,,,40123,1.2,,,0.0200480988514326,0.1394002068252327,9.62857142857143,0.014477766287487074,2.7947091263424144,,,
2024-01-03,Facebook,fb_1002,Conversions_Retargeting,fbset_2002,Cart_Abandoners,11234,489,198.7,31,,1123.0,,,,8901,1.26,,,0.043528573971871105,0.4063394683026585,6.409677419354838,0.06339468302658487,17.687377603703045,,,
2024-01-03,Facebook,fb_1003,Traffic_Drive_Jan,fbset_2003,Lookalike_Purchasers,38901,1456,213.4,28,,5234.0,,,,31456,1.24,,,0.03742834374437675,0.14656593406593407,7.621428571428572,0.019230769230769232,5.485720161435439,,,
2024-01-04,Facebook,fb_1001,Brand_Awareness_Q1,fbset_2001,Broad_Audience_18-35,51234,1023,142.3,15,,9234.0,,,,42567,1.2,,,0.01996720927509076,0.13910068426197458,9.486666666666668,0.01466275659824047,2.77745247296717,,,
2024-01-04,Facebook,fb_1002,Conversions_Retargeting,fbset_2002,Cart_Abandoners,14567,678,245.6,42,,1567.0,,,,11234,1.3,,,0.04654355735566692,0.3622418879056047,5.847619047619047,0.061946902654867256,16.86002608635958,,,
2024-01-04,Facebook,fb_1004,Video_Views_Campaign,fbset_2004,Video_Enthusiasts,67890,234,89.5,5,,45678.0,,,,56789,1.2,,,0.00344675209898365,0.38247863247863245,17.9,0.021367521367521368,1.3183090293121225,,,
2024-01-05,Facebook,fb_1001,Brand_Awareness_Q1,fbset_2001,Broad_Audience_18-35,46789,934,131.2,13,,8567.0,,,,39234,1.19,,,0.019961956870204536,0.14047109207708777,10.092307692307692,0.013918629550321198,2.804077881553356,,,
2024-01-05,Facebook,fb_1002,Conversions_Retargeting,fbset_2002,Cart_Abandoners,12890,567,220.3,36,,1345.0,,,,10123,1.27,,,0.04398758727695888,0.38853615520282186,6.1194444444444445,0.06349206349206349,17.09076803723817,,,
2024-01-05,Facebook,fb_1004,Video_Views_Campaign,fbset_2004,Video_Enthusiasts,71234,256,94.8,6,,48901.0,,,,59234,1.2,,,0.0035937894825504675,0.3703125,15.799999999999999,0.0234375,1.3308251677569698,,,
2024-01-06,Facebook,fb_1001,Brand_Awareness_Q1,fbset_2001,Broad_Audience_18-35,44567,878,125.6,11,,8123.0,,,,37456,1.19,,,0.019700675387618643,0.1430523917995444,11.418181818181818,0.012528473804100227,2.8182287342652637,,,
2024-01-06,Facebook,fb_1003,Traffic_Drive_Jan,fbset_2003,Lookalike_Purchasers,35678,1289,195.6,24,,4678.0,,,,29345,1.22,,,0.03612870676607433,0.1517455391776571,8.15,0.018619084561675717,5.482370088009418,,,
2024-01-06,Facebook,fb_1004,Video_Views_Campaign,fbset_2004,Video_Enthusiasts,69456,245,91.2,5,,47234.0,,,,57890,1.2,,,0.0035274130384703984,0.3722448979591837,18.240000000000002,0.02040816326530612,1.3130615065653077,,,
2024-01-07,Facebook,fb_1001,Brand_Awareness_Q1,fbset_2001,Broad_Audience_18-35,49876,1067,145.9,16,,9567.0,,,,41234,1.21,,,0.021393054775844092,0.13673851921274602,9.11875,0.01499531396438613,2.9252546314860854,,,
2024-01-07,Facebook,fb_1002,Conversions_Retargeting,fbset_2002,Cart_Abandoners,13456,623,237.8,40,,1456.0,,,,10567,1.27,,,0.04629904875148633,0.38170144462279293,5.945,0.06420545746388442,17.67241379310345,,,
2024-01-07,Facebook,fb_1003,Traffic_Drive_Jan,fbset_2003,Lookalike_Purchasers,37234,1367,207.9,27,,5012.0,,,,30678,1.21,,,0.03671375624429285,0.15208485735186542,7.7,0.019751280175566936,5.583606381264436,,,
2024-01-08,Facebook,fb_1001,Brand_Awareness_Q1,fbset_2001,Broad_Audience_18-35,47234,945,135.4,14,,8789.0,,,,39567,1.19,,,0.02000677478087818,0.14328042328042329,9.671428571428573,0.014814814814814815,2.866579159080324,,,
2024-01-08,Facebook,fb_1002,Conversions_Retargeting,fbset_2002,Cart_Abandoners,12123,534,212.4,35,,1234.0,,,,9567,1.27,,,0.04404850284583024,0.39775280898876403,6.0685714285714285,0.06554307116104868,17.520415738678548,,,
2024-01-08,Facebook,fb_1004,Video_Views_Campaign,fbset_2004,Video_Enthusiasts,73456,267,98.3,7,,50123.0,,,,60234,1.22,,,0.0036348290132868655,0.36816479400749064,14.042857142857143,0.026217228464419477,1.3382160749292094,,,
2024-01-09,Facebook,fb_1001,Brand_Awareness_Q1,fbset_2001,Broad_Audience_18-35,50123,1012,141.7,15,,9345.0,,,,41890,1.2,,,0.020190331783811823,0.1400197628458498,9.446666666666665,0.014822134387351778,2.827045468148355,,,
2024-01-09,Facebook,fb_1003,Traffic_Drive_Jan,fbset_2003,Lookalike_Purchasers,36456,1312,199.8,26,,4823.0,,,,30234,1.21,,,0.03598858898398069,0.15228658536585366,7.684615384615385,0.019817073170731708,5.480579328505597,,,
2024-01-09,Facebook,fb_1004,Video_Views_Campaign,fbset_2004,Video_Enthusiasts,70123,253,93.6,6,,48234.0,,,,58456,1.2,,,0.003607946037676654,0.36996047430830037,15.6,0.023715415019762844,1.334797427377608,,,
2024-01-10,Facebook,fb_1001,Brand_Awareness_Q1,fbset_2001,Broad_Audience_18-35,48567,978,137.8,14,,8945.0,,,,40456,1.2,,,0.02013713015010192,0.1408997955010225,9.842857142857143,0.014314928425357873,2.8373175201268355,,,
2024-01-10,Facebook,fb_1002,Conversions_Retargeting,fbset_2002,Cart_Abandoners,13789,645,241.2,41,,1489.0,,,,10789,1.28,,,0.04677641598375517,0.373953488372093,5.882926829268293,0.06356589147286822,17.492203930669373,,,
2024-01-10,Facebook,fb_1003,Traffic_Drive_Jan,fbset_2003,Lookalike_Purchasers,38456,1423,217.5,29,,5123.0,,,,31234,1.23,,,0.03700332847930102,0.1528460997891778,7.5,0.020379479971890373,5.655814437278969,,,
2024-01-11,Facebook,fb_1001,Brand_Awareness_Q1,fbset_2001,Broad_Audience_18-35,52123,1089,148.6,17,,9567.0,,,,43234,1.21,,,0.020892887976517085,0.136455463728191,8.741176470588234,0.015610651974288337,2.850948717456785,,,
2024-01-11,Facebook,fb_1002,Conversions_Retargeting,fbset_2002,Cart_Abandoners,14567,723,256.4,44,,1612.0,,,,11456,1.27,,,0.04963273151644127,0.35463347164591974,5.827272727272727,0.06085753803596127,17.601427884945423,,,
2024-01-11,Facebook,fb_1003,Traffic_Drive_Jan,fbset_2003,Lookalike_Purchasers,39789,1534,225.8,31,,5456.0,,,,32567,1.22,,,0.03855336902158888,0.14719687092568448,7.283870967741936,0.020208604954367666,5.674935283621101,,,
2024-01-11,Facebook,fb_1004,Video_Views_Campaign,fbset_2004,Video_Enthusiasts,76234,278,101.5,8,,52345.0,,,,62456,1.22,,,0.003646666841566755,0.36510791366906475,12.6875,0.02877697841726619,1.331426922370596,,,
2024-01-12,Facebook,fb_1001,Brand_Awareness_Q1,fbset_2001,Broad_Audience_18-35,49234,1012,140.3,15,,9123.0,,,,41567,1.18,,,0.02055490108461632,0.13863636363636364,9.353333333333333,0.014822134387351778,2.849656741276354,,,
2024-01-12,Facebook,fb_1002,Conversions_Retargeting,fbset_2002,Cart_Abandoners,13456,634,239.7,39,,1378.0,,,,10567,1.27,,,0.04711652794292509,0.3780757097791798,6.146153846153846,0.061514195583596214,17.81361474435196,,,
2024-01-12,Facebook,fb_1003,Traffic_Drive_Jan,fbset_2003,Lookalike_Purchasers,37890,1398,212.4,28,,5012.0,,,,30890,1.23,,,0.03689627870150435,0.151931330472103,7.585714285714286,0.020028612303290415,5.605700712589074,,,
2024-01-12,Facebook,fb_1004,Video_Views_Campaign,fbset_2004,Video_Enthusiasts,72890,261,96.8,7,,49567.0,,,,59123,1.23,,,0.003580738098504596,0.3708812260536398,13.828571428571427,0.02681992337164751,1.3280285361503634,,,
2024-01-13,Facebook,fb_1001,Brand_Awareness_Q1,fbset_2001,Broad_Audience_18-35,42345,856,121.5,12,,7890.0,,,,35678,1.19,,,0.020214901405124573,0.1419392523364486,10.125,0.014018691588785047,2.869287991498406,,,
2024-01-13,Facebook,fb_1002,Conversions_Retargeting,fbset_2002,Cart_Abandoners,11234,523,198.6,32,,1123.0,,,,8901,1.27,,,0.04655510058750222,0.3797323135755258,6.20625,0.06118546845124283,17.67847605483354,,,
2024-01-13,Facebook,fb_1003,Traffic_Drive_Jan,fbset_2003,Lookalike_Purchasers,33456,1203,185.3,23,,4234.0,,,,27890,1.2,,,0.03595767575322812,0.15403158769742312,8.056521739130435,0.019118869492934332,5.538617886178862,,,
2024-01-13,Facebook,fb_1004,Video_Views_Campaign,fbset_2004,Video_Enthusiasts,64567,238,83.4,5,,43234.0,,,,52890,1.22,,,0.003686093515263215,0.3504201680672269,16.68,0.02100840336134454,1.291681509130051,,,
2024-01-14,Facebook,fb_1001,Brand_Awareness_Q1,fbset_2001,Broad_Audience_18-35,40123,798,114.7,11,,7345.0,,,,33456,1.2,,,0.019888841811429855,0.143734335839599,10.427272727272728,0.013784461152882205,2.858709468384717,,,
2024-01-14,Facebook,fb_1002,Conversions_Retargeting,fbset_2002,Cart_Abandoners,10567,489,185.9,29,,998.0,,,,8234,1.28,,,0.04627614270843191,0.3801635991820041,6.410344827586207,0.05930470347648262,17.59250496829753,,,
2024-01-14,Facebook,fb_1003,Traffic_Drive_Jan,fbset_2003,Lookalike_Purchasers,31234,1123,173.8,21,,3890.0,,,,26123,1.2,,,0.035954408657232505,0.15476402493321462,8.276190476190477,0.018699910952804988,5.5644489978869185,,,
2024-01-14,Facebook,fb_1004,Video_Views_Campaign,fbset_2004,Video_Enthusiasts,61234,223,78.9,4,,40567.0,,,,50123,1.22,,,0.003641767645425744,0.35381165919282515,19.725,0.017937219730941704,1.2884998530228307,,,
2024-01-15,Facebook,fb_1001,Brand_Awareness_Q1,fbset_2001,Broad_Audience_18-35,46789,934,132.4,14,,8567.0,,,,39234,1.19,,,0.019961956870204536,0.1417558886509636,9.457142857142857,0.014989293361884369,2.829724935348052,,,
2024-01-15,Facebook,fb_1002,Conversions_Retargeting,fbset_2002,Cart_Abandoners,12890,567,221.3,37,,1345.0,,,,10123,1.27,,,0.04398758727695888,0.39029982363315696,5.981081081081081,0.06525573192239859,17.168347556245152,,,
2024-01-15,Facebook,fb_1003,Traffic_Drive_Jan,fbset_2003,Lookalike_Purchasers,35678,1289,196.6,25,,4678.0,,,,29345,1.22,,,0.03612870676607433,0.1525213343677269,7.864,0.019394879751745538,5.510398564941981,,,
2024-01-15,Facebook,fb_1004,Video_Views_Campaign,fbset_2004,Video_Enthusiasts,68456,248,87.6,6,,46234.0,,,,56789,1.21,,,0.0036227649877293446,0.3532258064516129,14.6,0.024193548387096774,1.279654084375365,,,
2024-01-16,Facebook,fb_1001,Brand_Awareness_Q1,fbset_2001,Broad_Audience_18-35,50234,1023,143.8,16,,9234.0,,,,42345,1.19,,,0.020364693235657125,0.14056695992179863,8.9875,0.015640273704789834,2.862603017876339,,,
2024-01-16,Facebook,fb_1002,Conversions_Retargeting,fbset_2002,Cart_Abandoners,14234,678,248.5,42,,1567.0,,,,11234,1.27,,,0.04763242939440775,0.3665191740412979,5.916666666666667,0.061946902654867256,17.45819867921877,,,
2024-01-16,Facebook,fb_1003,Traffic_Drive_Jan,fbset_2003,Lookalike_Purchasers,38456,1423,218.7,30,,5123.0,,,,31234,1.23,,,0.03700332847930102,0.15368938861560083,7.29,0.02108222066057625,5.687018930726024,,,
2024-01-16,Facebook,fb_1004,Video_Views_Campaign,fbset_2004,Video_Enthusiasts,73456,267,94.2,7,,49890.0,,,,59567,1.24,,,0.0036348290132868655,0.35280898876404493,13.457142857142857,0.026217228464419477,1.2824003485079503,,,
2024-01-17,Facebook,fb_1001,Brand_Awareness_Q1,fbset_2001,Broad_Audience_18-35,51789,1089,152.3,18,,9567.0,,,,43567,1.19,,,0.021027631350286742,0.13985307621671259,8.461111111111112,0.01652892561983471,2.9407789298885865,,,
2024-01-17,Facebook,fb_1002,Conversions_Retargeting,fbset_2002,Cart_Abandoners,15234,734,264.7,46,,1678.0,,,,12123,1.26,,,0.04818169883156098,0.3606267029972752,5.754347826086956,0.06267029972752043,17.375607194433503,,,
2024-01-17,Facebook,fb_1003,Traffic_Drive_Jan,fbset_2003,Lookalike_Purchasers,40123,1534,232.8,33,,5456.0,,,,32890,1.22,,,0.03823243526157067,0.1517601043024772,7.054545454545455,0.02151238591916558,5.802158363033672,,,
2024-01-17,Facebook,fb_1004,Video_Views_Campaign,fbset_2004,Video_Enthusiasts,75890,278,98.5,8,,51234.0,,,,61567,1.23,,,0.0036631967321122676,0.35431654676258995,12.3125,0.02877697841726619,1.2979312162340229,,,
2024-01-18,Facebook,fb_1001,Brand_Awareness_Q1,fbset_2001,Broad_Audience_18-35,49567,1012,144.6,16,,9123.0,,,,41890,1.18,,,0.020416809570883855,0.14288537549407115,9.0375,0.015810276679841896,2.917263501926685,,,
2024-01-18,Facebook,fb_1002,Conversions_Retargeting,fbset_2002,Cart_Abandoners,14567,689,253.4,43,,1489.0,,,,11567,1.26,,,0.04729868881718954,0.36777939042089985,5.8930232558139535,0.062409288824383166,17.3954829408938,,,
2024-01-18,Facebook,fb_1003,Traffic_Drive_Jan,fbset_2003,Lookalike_Purchasers,38901,1456,224.5,31,,5234.0,,,,31456,1.24,,,0.03742834374437675,0.15418956043956045,7.241935483870968,0.021291208791208792,5.771059869926224,,,
2024-01-18,Facebook,fb_1004,Video_Views_Campaign,fbset_2004,Video_Enthusiasts,72345,261,92.7,7,,48567.0,,,,58234,1.24,,,0.003607713041675306,0.35517241379310344,13.242857142857144,0.02681992337164751,1.2813601492846776,,,
2024-01-19,Facebook,fb_1001,Brand_Awareness_Q1,fbset_2001,Broad_Audience_18-35,47890,967,138.4,15,,8789.0,,,,40234,1.19,,,0.020192106911672583,0.14312306101344366,9.226666666666667,0.015511892450879007,2.8899561495092922,,,
2024-01-19,Facebook,fb_1002,Conversions_Retargeting,fbset_2002,Cart_Abandoners,13890,634,235.8,40,,1378.0,,,,10890,1.27,,,0.04564434845212383,0.3719242902208202,5.8950000000000005,0.06309148264984227,16.97624190064795,,,
2024-01-19,Facebook,fb_1003,Traffic_Drive_Jan,fbset_2003,Lookalike_Purchasers,37234,1367,209.9,28,,5012.0,,,,30678,1.21,,,0.03671375624429285,0.15354791514264815,7.496428571428572,0.020482809070958303,5.637320728366547,,,
2024-01-19,Facebook,fb_1004,Video_Views_Campaign,fbset_2004,Video_Enthusiasts,70123,253,89.4,6,,47234.0,,,,57890,1.21,,,0.003607946037676654,0.3533596837944664,14.9,0.023715415019762844,1.2749026710209206,,,
2024-01-20,Facebook,fb_1001,Brand_Awareness_Q1,fbset_2001,Broad_Audience_18-35,43234,878,125.7,13,,7890.0,,,,36567,1.18,,,0.020308090854420133,0.14316628701594533,9.669230769230769,0.014806378132118452,2.9074339640098072,,,
2024-01-20,Facebook,fb_1002,Conversions_Retargeting,fbset_2002,Cart_Abandoners,11890,545,202.3,34,,1156.0,,,,9567,1.28,,,0.04583683767872161,0.37119266055045874,5.95,0.062385321100917435,17.01429772918419,,,
2024-01-20,Facebook,fb_1003,Traffic_Drive_Jan,fbset_2003,Lookalike_Purchasers,34567,1234,189.6,24,,4567.0,,,,28934,1.19,,,0.03569878786125495,0.15364667747163696,7.8999999999999995,0.019448946515397084,5.485000144646628,,,
2024-01-20,Facebook,fb_1004,Video_Views_Campaign,fbset_2004,Video_Enthusiasts,65234,234,81.2,5,,43567.0,,,,53456,1.19,,,0.0035870864886408927,0.347008547008547,16.240000000000002,0.021367521367521368,1.2447496704172671,,,
2024-01-21,Facebook,fb_1001,Brand_Awareness_Q1,fbset_2001,Broad_Audience_18-35,41567,823,118.9,12,,7456.0,,,,35123,1.18,,,0.019799360069285732,0.14447144592952613,9.908333333333333,0.014580801944106925,2.8604421776890323,,,
2024-01-21,Facebook,fb_1002,Conversions_Retargeting,fbset_2002,Cart_Abandoners,10234,467,178.4,30,,945.0,,,,8456,1.21,,,0.04563220637092046,0.38201284796573876,5.946666666666667,0.06423982869379015,17.432089114715655,,,
2024-01-21,Facebook,fb_1003,Traffic_Drive_Jan,fbset_2003,Lookalike_Purchasers,32890,1178,171.2,22,,3789.0,,,,27234,1.21,,,0.03581635755548799,0.14533106960950762,7.781818181818181,0.01867572156196944,5.20522955305564,,,
2024-01-21,Facebook,fb_1004,Video_Views_Campaign,fbset_2004,Video_Enthusiasts,62345,223,76.3,4,,41234.0,,,,51567,1.2,,,0.0035768706391851794,0.342152466367713,19.075,0.017937219730941704,1.223835111075467,,,
2024-01-22,Facebook,fb_1001,Brand_Awareness_Q1,fbset_2001,Broad_Audience_18-35,45234,912,129.8,14,,8234.0,,,,38567,1.17,,,0.020161825175752754,0.1423245614035088,9.271428571428572,0.015350877192982455,2.8695229252332317,,,
2024-01-22,Facebook,fb_1002,Conversions_Retargeting,fbset_2002,Cart_Abandoners,12456,567,209.6,36,,1234.0,,,,9876,1.26,,,0.04552023121387283,0.36966490299823634,5.822222222222222,0.06349206349206349,16.82723185613359,,,
2024-01-22,Facebook,fb_1003,Traffic_Drive_Jan,fbset_2003,Lookalike_Purchasers,35123,1267,194.5,26,,4345.0,,,,29123,1.21,,,0.036073228368875096,0.15351223362273086,7.480769230769231,0.020520915548539857,5.537681860888876,,,
2024-01-22,Facebook,fb_1004,Video_Views_Campaign,fbset_2004,Video_Enthusiasts,66789,245,84.7,5,,44567.0,,,,54890,1.22,,,0.003668268726886164,0.34571428571428575,16.94,0.02040816326530612,1.2681729027235025,,,
2024-01-23,Facebook,fb_1001,Brand_Awareness_Q1,fbset_2001,Broad_Audience_18-35,48567,989,140.3,15,,8945.0,,,,40456,1.2,,,0.020363621389008997,0.1418604651162791,9.353333333333333,0.015166835187057633,2.8887928016966256,,,
2024-01-23,Facebook,fb_1002,Conversions_Retargeting,fbset_2002,Cart_Abandoners,13789,623,229.8,38,,1489.0,,,,10789,1.28,,,0.04518094133004569,0.3688603531300161,6.0473684210526315,0.060995184590690206,16.66545797374719,,,
2024-01-23,Facebook,fb_1003,Traffic_Drive_Jan,fbset_2003,Lookalike_Purchasers,37456,1389,213.4,29,,4890.0,,,,30567,1.22,,,0.03708351131994874,0.15363570914326855,7.358620689655172,0.02087832973362131,5.697351559162752,,,
2024-01-23,Facebook,fb_1004,Video_Views_Campaign,fbset_2004,Video_Enthusiasts,71234,256,90.5,6,,48123.0,,,,58567,1.22,,,0.0035937894825504675,0.353515625,15.083333333333334,0.0234375,1.270460735042255,,,
2024-01-24,Facebook,fb_1001,Brand_Awareness_Q1,fbset_2001,Broad_Audience_18-35,51234,1067,149.7,17,,9234.0,,,,42567,1.2,,,0.020826013975094662,0.1402999062792877,8.805882352941175,0.015932521087160263,2.9218878088769173,,,
2024-01-24,Facebook,fb_1002,Conversions_Retargeting,fbset_2002,Cart_Abandoners,14890,712,251.6,43,,1578.0,,,,11790,1.26,,,0.04781732706514439,0.35337078651685394,5.851162790697674,0.060393258426966294,16.897246474143717,,,
2024-01-24,Facebook,fb_1003,Traffic_Drive_Jan,fbset_2003,Lookalike_Purchasers,39234,1489,227.9,32,,5234.0,,,,32123,1.22,,,0.03795177652036499,0.15305574210879785,7.121875,0.021490933512424447,5.808737319671713,,,
2024-01-24,Facebook,fb_1004,Video_Views_Campaign,fbset_2004,Video_Enthusiasts,74567,267,95.8,7,,50234.0,,,,60789,1.23,,,0.003580672415411643,0.3588014981273408,13.685714285714285,0.026217228464419477,1.2847506269529416,,,
2024-01-25,Facebook,fb_1001,Brand_Awareness_Q1,fbset_2001,Broad_Audience_18-35,52789,1123,156.4,18,,9567.0,,,,43890,1.2,,,0.021273371346303208,0.13926981300089047,8.68888888888889,0.016028495102404273,2.9627384492981492,,,
2024-01-25,Facebook,fb_1002,Conversions_Retargeting,fbset_2002,Cart_Abandoners,15678,756,268.9,47,,1678.0,,,,12345,1.27,,,0.04822043628013777,0.35568783068783066,5.721276595744681,0.062169312169312166,17.15142237530297,,,
2024-01-25,Facebook,fb_1003,Traffic_Drive_Jan,fbset_2003,Lookalike_Purchasers,40567,1567,238.6,34,,5456.0,,,,33234,1.22,,,0.038627455813838835,0.1522654754307594,7.017647058823529,0.02169751116783663,5.881627924174822,,,
2024-01-25,Facebook,fb_1004,Video_Views_Campaign,fbset_2004,Video_Enthusiasts,76890,278,99.2,8,,51567.0,,,,62890,1.23,,,0.003615554688516062,0.35683453237410073,12.4,0.02877697841726619,1.2901547665496162,,,
2024-01-26,Facebook,fb_1001,Brand_Awareness_Q1,fbset_2001,Broad_Audience_18-35,50123,1034,147.5,17,,9123.0,,,,41890,1.2,,,0.020629252039981644,0.14264990328820115,8.676470588235293,0.01644100580270793,2.9427608084113084,,,
2024-01-26,Facebook,fb_1002,Conversions_Retargeting,fbset_2002,Cart_Abandoners,14234,689,254.7,44,,1456.0,,,,11234,1.27,,,0.04840522692145567,0.36966618287373004,5.788636363636363,0.06386066763425254,17.89377546719123,,,
2024-01-26,Facebook,fb_1003,Traffic_Drive_Jan,fbset_2003,Lookalike_Purchasers,38890,1445,231.2,32,,5123.0,,,,31567,1.23,,,0.03715608125482129,0.16,7.225,0.022145328719723183,5.944973000771406,,,
2024-01-26,Facebook,fb_1004,Video_Views_Campaign,fbset_2004,Video_Enthusiasts,73456,261,94.6,7,,49234.0,,,,59567,1.23,,,0.0035531474624264864,0.36245210727969346,13.514285714285714,0.02681992337164751,1.2878457852319756,,,
2024-01-27,Facebook,fb_1001,Brand_Awareness_Q1,fbset_2001,Broad_Audience_18-35,46234,934,133.8,15,,8456.0,,,,38890,1.19,,,0.02020158325042177,0.14325481798715203,8.92,0.016059957173447537,2.8939741315914698,,,
2024-01-27,Facebook,fb_1002,Conversions_Retargeting,fbset_2002,Cart_Abandoners,12567,567,209.4,36,,1267.0,,,,9890,1.27,,,0.045118166626879924,0.3693121693121693,5.816666666666666,0.06349206349206349,16.662687992360947,,,
2024-01-27,Facebook,fb_1003,Traffic_Drive_Jan,fbset_2003,Lookalike_Purchasers,35890,1289,197.8,27,,4567.0,,,,29567,1.21,,,0.03591529674003901,0.15345228859581073,7.325925925925926,0.02094647013188518,5.511284480356646,,,
2024-01-27,Facebook,fb_1004,Video_Views_Campaign,fbset_2004,Video_Enthusiasts,68234,245,85.9,5,,45678.0,,,,55890,1.22,,,0.0035905853386874577,0.3506122448979592,17.18,0.02040816326530612,1.258903186094909,,,
2024-01-28,Facebook,fb_1001,Brand_Awareness_Q1,fbset_2001,Broad_Audience_18-35,44567,890,127.6,13,,8123.0,,,,37456,1.19,,,0.019969932910000675,0.14337078651685392,9.815384615384614,0.014606741573033709,2.863104987995602,,,
2024-01-28,Facebook,fb_1002,Conversions_Retargeting,fbset_2002,Cart_Abandoners,11456,523,192.3,33,,1089.0,,,,8967,1.28,,,0.04565293296089386,0.3676864244741874,5.827272727272728,0.06309751434034416,16.78596368715084,,,
2024-01-28,Facebook,fb_1003,Traffic_Drive_Jan,fbset_2003,Lookalike_Purchasers,33567,1203,184.5,25,,4123.0,,,,27890,1.2,,,0.035838770220752526,0.15336658354114713,7.38,0.020781379883624274,5.496469747073018,,,
2024-01-28,Facebook,fb_1004,Video_Views_Campaign,fbset_2004,Video_Enthusiasts,65789,234,80.4,4,,43890.0,,,,54123,1.21,,,0.003556825609144386,0.3435897435897436,20.1,0.017094017094017096,1.2220887990393532,,,
2024-01-29,Facebook,fb_1001,Brand_Awareness_Q1,fbset_2001,Broad_Audience_18-35,47890,967,138.4,15,,8789.0,,,,40234,1.19,,,0.020192106911672583,0.14312306101344366,9.226666666666667,0.015511892450879007,2.8899561495092922,,,
2024-01-29,Facebook,fb_1002,Conversions_Retargeting,fbset_2002,Cart_Abandoners,13234,612,226.5,39,,1345.0,,,,10456,1.27,,,0.046244521686564906,0.3700980392156863,5.8076923076923075,0.06372549019607843,17.115006800664954,,,
2024-01-29,Facebook,fb_1003,Traffic_Drive_Jan,fbset_2003,Lookalike_Purchasers,36234,1334,203.7,28,,4678.0,,,,30123,1.2,,,0.036816249931004026,0.15269865067466265,7.2749999999999995,0.020989505247376312,5.621791687365457,,,
2024-01-29,Facebook,fb_1004,Video_Views_Campaign,fbset_2004,Video_Enthusiasts,69567,253,88.7,6,,46890.0,,,,57123,1.22,,,0.0036367818074661837,0.3505928853754941,14.783333333333333,0.023715415019762844,1.275029827360674,,,
2024-01-30,Facebook,fb_1001,Brand_Awareness_Q1,fbset_2001,Broad_Audience_18-35,49234,1001,142.8,16,,9012.0,,,,41567,1.18,,,0.02033147824674006,0.14265734265734267,8.925,0.015984015984015984,2.900434658975505,,,
2024-01-30,Facebook,fb_1002,Conversions_Retargeting,fbset_2002,Cart_Abandoners,14123,645,236.9,41,,1423.0,,,,11123,1.27,,,0.04567018338879841,0.36728682170542637,5.778048780487805,0.06356589147286822,16.77405650357573,,,
2024-01-30,Facebook,fb_1003,Traffic_Drive_Jan,fbset_2003,Lookalike_Purchasers,37890,1412,216.5,30,,4956.0,,,,30890,1.23,,,0.03726576933227765,0.153328611898017,7.216666666666667,0.021246458923512748,5.713908683029823,,,
2024-01-30,Facebook,fb_1004,Video_Views_Campaign,fbset_2004,Video_Enthusiasts,72123,261,91.3,7,,48567.0,,,,58890,1.22,,,0.0036188178528347406,0.3498084291187739,13.042857142857143,0.02681992337164751,1.265892988367095,,,
2024-01-01,Google Ads,g_5001,Search_Brand_Terms,gad_6001,Brand_Exact,23456,1234,234.5,45,2250.0,,,,,,,9,0.92,0.05260914051841746,0.19003241491085898,5.211111111111111,0.03646677471636953,9.99744201909959,9.594882729211088,,
2024-01-01,Google Ads,g_5002,Search_Generic_Terms,gad_6002,Product_Broad,45678,890,567.8,23,1150.0,,,,,,,7,0.45,0.019484215596129426,0.6379775280898876,24.686956521739127,0.025842696629213482,12.430491702789087,2.0253610426206414,,
2024-01-01,Google Ads,g_5003,Shopping_All_Products,gad_6003,Best_Sellers,67890,2345,423.6,67,3350.0,,,,,,,8,0.67,0.03454116953896008,0.18063965884861408,6.322388059701493,0.02857142857142857,6.23950508174989,7.908404154863078,,
2024-01-02,Google Ads,g_5001,Search_Brand_Terms,gad_6001,Brand_Exact,24567,1289,245.6,48,2400.0,,,,,,,9,0.91,0.05246875890422111,0.19053529868114819,5.116666666666666,0.037238169123351435,9.997150649244922,9.77198697068404,,
2024-01-02,Google Ads,g_5002,Search_Generic_Terms,gad_6002,Product_Broad,43234,823,534.2,21,1050.0,,,,,,,7,0.44,0.01903594393301568,0.6490886998784934,25.43809523809524,0.02551640340218712,12.356016098441042,1.9655559715462372,,
2024-01-02,Google Ads,g_5003,Shopping_All_Products,gad_6003,Best_Sellers,71234,2456,445.8,71,3550.0,,,,,,,8,0.68,0.03447791784821855,0.18151465798045602,6.27887323943662,0.028908794788273615,6.25824746609765,7.963212202781516,,
2024-01-03,Google Ads,g_5001,Search_Brand_Terms,gad_6001,Brand_Exact,22345,1123,213.4,42,2100.0,,,,,,,9,0.93,0.05025732826135601,0.190026714158504,5.080952380952381,0.037399821905609976,9.550234951890804,9.840674789128396,,
2024-01-03,Google Ads,g_5002,Search_Generic_Terms,gad_6002,Product_Broad,47890,967,623.5,25,1250.0,,,,,,,6,0.43,0.020192106911672583,0.6447776628748707,24.94,0.025853154084798345,13.019419503027772,2.0048115477145148,,
2024-01-03,Google Ads,g_5004,Display_Remarketing,gad_6004,Cart_Abandoners,123456,456,123.4,12,600.0,,,,,,,7,0.35,0.0036936236391912907,0.2706140350877193,10.283333333333333,0.02631578947368421,0.9995463970969415,4.862236628849271,,
2024-01-04,Google Ads,g_5001,Search_Brand_Terms,gad_6001,Brand_Exact,25678,1345,256.7,50,2500.0,,,,,,,9,0.92,0.05237946880598177,0.1908550185873606,5.1339999999999995,0.03717472118959108,9.996884492561724,9.738994935722634,,
2024-01-04,Google Ads,g_5003,Shopping_All_Products,gad_6003,Best_Sellers,69456,2234,412.3,65,3250.0,,,,,,,8,0.66,0.032164247869154575,0.18455684870188005,6.343076923076923,0.02909579230080573,5.936132227597328,7.882609750181906,,
2024-01-04,Google Ads,g_5004,Display_Remarketing,gad_6004,Cart_Abandoners,134567,489,134.5,14,700.0,,,,,,,7,0.36,0.003633877547987248,0.27505112474437626,9.607142857142858,0.028629856850715747,0.9995021067572287,5.204460966542751,,
2024-01-05,Google Ads,g_5001,Search_Brand_Terms,gad_6001,Brand_Exact,23890,1234,234.9,46,2300.0,,,,,,,9,0.91,0.05165341146923399,0.19035656401944895,5.106521739130435,0.03727714748784441,9.83256592716618,9.791400595998297,,
2024-01-05,Google Ads,g_5002,Search_Generic_Terms,gad_6002,Product_Broad,46234,912,589.3,24,1200.0,,,,,,,7,0.45,0.019725742959726608,0.6461622807017543,24.554166666666664,0.02631578947368421,12.74603105939352,2.036314271169184,,
2024-01-05,Google Ads,g_5004,Display_Remarketing,gad_6004,Cart_Abandoners,128901,467,128.9,13,650.0,,,,,,,7,0.34,0.0036229354310672534,0.27601713062098504,9.915384615384616,0.027837259100642397,0.9999922421082847,5.04266873545384,,
2024-01-06,Google Ads,g_5001,Search_Brand_Terms,gad_6001,Brand_Exact,24234,1267,241.2,47,2350.0,,,,,,,9,0.92,0.052281917966493355,0.19037095501183898,5.131914893617021,0.037095501183898975,9.952958653131963,9.742951907131012,,
2024-01-06,Google Ads,g_5003,Shopping_All_Products,gad_6003,Best_Sellers,72345,2378,432.9,69,3450.0,,,,,,,8,0.67,0.03287027437970834,0.18204373423044573,6.27391304347826,0.029015979814970564,5.983827493261455,7.96950796950797,,
2024-01-06,Google Ads,g_5004,Display_Remarketing,gad_6004,Cart_Abandoners,131234,478,132.4,13,650.0,,,,,,,7,0.35,0.0036423487815657528,0.2769874476987448,10.184615384615386,0.027196652719665274,1.0088848926345308,4.909365558912387,,
2024-01-07,Google Ads,g_5001,Search_Brand_Terms,gad_6001,Brand_Exact,26789,1456,278.9,54,2700.0,,,,,,,9,0.93,0.05435066631826496,0.1915521978021978,5.1648148148148145,0.03708791208791209,10.41098958527754,9.680889207601291,,
2024-01-07,Google Ads,g_5002,Search_Generic_Terms,gad_6002,Product_Broad,44567,878,567.2,22,1100.0,,,,,,,6,0.44,0.019700675387618643,0.6460136674259681,25.781818181818185,0.025056947608200455,12.726905557924026,1.93935119887165,,
2024-01-07,Google Ads,g_5003,Shopping_All_Products,gad_6003,Best_Sellers,70234,2289,419.5,66,3300.0,,,,,,,8,0.66,0.032591052766466386,0.18326780253385758,6.356060606060606,0.028833551769331587,5.972890622775294,7.866507747318236,,
2024-01-08,Google Ads,g_5001,Search_Brand_Terms,gad_6001,Brand_Exact,22567,1134,216.8,43,2150.0,,,,,,,9,0.91,0.050250365578056455,0.19118165784832453,5.0418604651162795,0.03791887125220458,9.606948198697214,9.916974169741698,,
2024-01-08,Google Ads,g_5002,Search_Generic_Terms,gad_6002,Product_Broad,48234,989,634.7,26,1300.0,,,,,,,7,0.46,0.020504208649500352,0.6417593528816987,24.411538461538463,0.0262891809908999,13.158767674254676,2.0482117535843702,,
2024-01-08,Google Ads,g_5004,Display_Remarketing,gad_6004,Cart_Abandoners,125678,445,121.3,11,550.0,,,,,,,7,0.34,0.0035407947293878005,0.2725842696629213,11.027272727272727,0.024719101123595506,0.9651649453364949,4.534212695795548,,
2024-01-09,Google Ads,g_5001,Search_Brand_Terms,gad_6001,Brand_Exact,25234,1312,250.3,49,2450.0,,,,,,,9,0.92,0.05199334231592296,0.19077743902439026,5.108163265306123,0.037347560975609755,9.919156693350242,9.788254095085897,,
2024-01-09,Google Ads,g_5003,Shopping_All_Products,gad_6003,Best_Sellers,73456,2423,441.8,70,3500.0,,,,,,,8,0.68,0.032985732955783054,0.18233594717292612,6.311428571428571,0.028889806025588115,6.014484861685907,7.922136713444997,,
2024-01-09,Google Ads,g_5004,Display_Remarketing,gad_6004,Cart_Abandoners,129345,456,125.6,12,600.0,,,,,,,7,0.35,0.0035254551780122927,0.27543859649122804,10.466666666666667,0.02631578947368421,0.9710464262244385,4.777070063694268,,
2024-01-10,Google Ads,g_5001,Search_Brand_Terms,gad_6001,Brand_Exact,24678,1289,245.9,48,2400.0,,,,,,,9,0.91,0.05223275792203582,0.19076803723816912,5.122916666666667,0.037238169123351435,9.964340708323203,9.760065067100447,,
2024-01-10,Google Ads,g_5002,Search_Generic_Terms,gad_6002,Product_Broad,45234,901,578.9,23,1150.0,,,,,,,7,0.45,0.01991864526683468,0.6425083240843507,25.169565217391302,0.025527192008879023,12.797895388424637,1.9865261703230266,,
2024-01-10,Google Ads,g_5003,Shopping_All_Products,gad_6003,Best_Sellers,68901,2267,414.2,64,3200.0,,,,,,,8,0.67,0.03290228008301766,0.1827084252315836,6.471875,0.0282311424790472,6.011523780496654,7.725736359246741,,
2024-01-11,Google Ads,g_5001,Search_Brand_Terms,gad_6001,Brand_Exact,26234,1378,263.4,52,2600.0,,,,,,,9,0.92,0.05252725470763132,0.1911465892597968,5.065384615384615,0.03773584905660377,10.04040558054433,9.870918754745635,,
2024-01-11,Google Ads,g_5002,Search_Generic_Terms,gad_6002,Product_Broad,47890,934,612.5,26,1300.0,,,,,,,7,0.46,0.01950302777197745,0.6557815845824411,23.557692307692307,0.027837259100642397,12.789726456462727,2.122448979591837,,
2024-01-11,Google Ads,g_5003,Shopping_All_Products,gad_6003,Best_Sellers,71234,2456,445.8,71,3550.0,,,,,,,8,0.68,0.03447791784821855,0.18151465798045602,6.27887323943662,0.028908794788273615,6.25824746609765,7.963212202781516,,
2024-01-11,Google Ads,g_5004,Display_Remarketing,gad_6004,Cart_Abandoners,136789,512,142.3,15,750.0,,,,,,,7,0.36,0.003742991029980481,0.2779296875,9.486666666666668,0.029296875,1.0402883272777783,5.270555165144062,,
2024-01-12,Google Ads,g_5001,Search_Brand_Terms,gad_6001,Brand_Exact,25123,1312,250.4,49,2450.0,,,,,,,9,0.91,0.05222306253234088,0.19085365853658537,5.110204081632653,0.037347560975609755,9.966962544282133,9.784345047923322,,
2024-01-12,Google Ads,g_5002,Search_Generic_Terms,gad_6002,Product_Broad,46567,912,596.7,24,1200.0,,,,,,,7,0.45,0.019584684433182297,0.6542763157894738,24.8625,0.02631578947368421,12.813795176841971,2.0110608345902463,,
2024-01-12,Google Ads,g_5003,Shopping_All_Products,gad_6003,Best_Sellers,69890,2334,428.9,66,3300.0,,,,,,,8,0.67,0.03339533552725712,0.18376178234790058,6.498484848484848,0.028277634961439587,6.136786378594935,7.694101189088366,,
2024-01-12,Google Ads,g_5004,Display_Remarketing,gad_6004,Cart_Abandoners,133456,489,131.2,14,700.0,,,,,,,7,0.35,0.0036641290013187866,0.26830265848670753,9.37142857142857,0.028629856850715747,0.9830955520920752,5.335365853658537,,
2024-01-13,Google Ads,g_5001,Search_Brand_Terms,gad_6001,Brand_Exact,22456,1156,220.4,43,2150.0,,,,,,,9,0.9,0.05147844674029212,0.1906574394463668,5.125581395348838,0.037197231833910036,9.814748842180265,9.754990925589837,,
2024-01-13,Google Ads,g_5002,Search_Generic_Terms,gad_6002,Product_Broad,41234,823,528.9,21,1050.0,,,,,,,6,0.43,0.019959256923897755,0.6426488456865127,25.185714285714283,0.02551640340218712,12.826793422903428,1.9852524106636416,,
2024-01-13,Google Ads,g_5003,Shopping_All_Products,gad_6003,Best_Sellers,63456,2089,382.6,60,3000.0,,,,,,,8,0.65,0.03292044881492688,0.18314983245572045,6.376666666666667,0.028721876495931067,6.029374684820978,7.841087297438578,,
2024-01-13,Google Ads,g_5004,Display_Remarketing,gad_6004,Cart_Abandoners,119234,434,116.8,12,600.0,,,,,,,7,0.33,0.003639901370414479,0.26912442396313363,9.733333333333333,0.027649769585253458,0.9795863595954174,5.136986301369864,,
2024-01-14,Google Ads,g_5001,Search_Brand_Terms,gad_6001,Brand_Exact,21234,1089,207.8,41,2050.0,,,,,,,9,0.89,0.05128567391918621,0.1908172635445363,5.068292682926829,0.03764921946740129,9.786191956296507,9.865255052935515,,
2024-01-14,Google Ads,g_5002,Search_Generic_Terms,gad_6002,Product_Broad,39567,789,507.4,19,950.0,,,,,,,6,0.42,0.019940859807415272,0.6430925221799746,26.705263157894734,0.024081115335868188,12.82381782798797,1.8722901064249113,,
2024-01-14,Google Ads,g_5003,Shopping_All_Products,gad_6003,Best_Sellers,61890,2012,369.3,58,2900.0,,,,,,,8,0.64,0.03250929067700759,0.18354870775347912,6.367241379310345,0.02882703777335984,5.96703829374697,7.85269428648795,,
2024-01-14,Google Ads,g_5004,Display_Remarketing,gad_6004,Cart_Abandoners,115678,412,113.4,11,550.0,,,,,,,7,0.32,0.003561610677916285,0.275242718446602,10.30909090909091,0.02669902912621359,0.9803074050381232,4.850088183421517,,
2024-01-15,Google Ads,g_5001,Search_Brand_Terms,gad_6001,Brand_Exact,23890,1234,235.6,46,2300.0,,,,,,,9,0.91,0.05165341146923399,0.19092382495948135,5.121739130434783,0.03727714748784441,9.861866889912097,9.762308998302208,,
2024-01-15,Google Ads,g_5002,Search_Generic_Terms,gad_6002,Product_Broad,43789,856,560.9,22,1100.0,,,,,,,7,0.44,0.019548288382927218,0.6552570093457943,25.495454545454546,0.02570093457943925,12.809152983626024,1.961133891959351,,
2024-01-15,Google Ads,g_5003,Shopping_All_Products,gad_6003,Best_Sellers,67234,2234,411.7,65,3250.0,,,,,,,8,0.66,0.03322723621976976,0.1842882721575649,6.333846153846154,0.02909579230080573,6.123389951512627,7.894097643915472,,
2024-01-15,Google Ads,g_5004,Display_Remarketing,gad_6004,Cart_Abandoners,128901,467,126.7,13,650.0,,,,,,,7,0.34,0.0036229354310672534,0.27130620985010706,9.746153846153847,0.027837259100642397,0.9829248803345204,5.130228887134964,,
2024-01-16,Google Ads,g_5001,Search_Brand_Terms,gad_6001,Brand_Exact,25456,1345,257.3,51,2550.0,,,,,,,9,0.92,0.0528362664990572,0.1913011152416357,5.045098039215686,0.0379182156133829,10.107636706473915,9.910610182666147,,
2024-01-16,Google Ads,g_5002,Search_Generic_Terms,gad_6002,Product_Broad,45678,901,584.5,24,1200.0,,,,,,,7,0.45,0.01972503174394676,0.6487236403995561,24.354166666666668,0.026637069922308545,12.796094399929943,2.0530367835757057,,
2024-01-16,Google Ads,g_5003,Shopping_All_Products,gad_6003,Best_Sellers,70123,2378,435.8,69,3450.0,,,,,,,8,0.67,0.03391184062290547,0.1832632464255677,6.315942028985507,0.029015979814970564,6.214794004820102,7.91647544745296,,
2024-01-16,Google Ads,g_5004,Display_Remarketing,gad_6004,Cart_Abandoners,132567,489,130.5,14,700.0,,,,,,,7,0.35,0.0036887008078933673,0.2668711656441718,9.321428571428571,0.028629856850715747,0.9844078843151011,5.363984674329502,,
2024-01-17,Google Ads,g_5001,Search_Brand_Terms,gad_6001,Brand_Exact,26789,1456,278.9,54,2700.0,,,,,,,9,0.93,0.05435066631826496,0.1915521978021978,5.1648148148148145,0.03708791208791209,10.41098958527754,9.680889207601291,,
2024-01-17,Google Ads,g_5002,Search_Generic_Terms,gad_6002,Product_Broad,47234,967,605.6,25,1250.0,,,,,,,7,0.46,0.020472540966253124,0.6262668045501552,24.224,0.025853154084798345,12.821272811957488,2.0640686922060767,,
2024-01-17,Google Ads,g_5003,Shopping_All_Products,gad_6003,Best_Sellers,72456,2489,450.7,72,3600.0,,,,,,,8,0.68,0.034351882521806335,0.1810767376456408,6.259722222222222,0.02892728003214142,6.220326819035001,7.987574883514533,,
2024-01-17,Google Ads,g_5004,Display_Remarketing,gad_6004,Cart_Abandoners,138901,534,136.4,15,750.0,,,,,,,7,0.36,0.003844464762672695,0.2554307116104869,9.093333333333334,0.028089887640449437,0.981994370090928,5.4985337243401755,,
2024-01-18,Google Ads,g_5001,Search_Brand_Terms,gad_6001,Brand_Exact,25789,1389,265.2,52,2600.0,,,,,,,9,0.92,0.05386017294195199,0.19092872570194383,5.1,0.037437005039596835,10.28345418589321,9.803921568627452,,
2024-01-18,Google Ads,g_5002,Search_Generic_Terms,gad_6002,Product_Broad,46123,923,590.3,24,1200.0,,,,,,,7,0.45,0.020011707824729528,0.6395449620801733,24.59583333333333,0.02600216684723727,12.798386921926154,2.032864645095714,,
2024-01-18,Google Ads,g_5003,Shopping_All_Products,gad_6003,Best_Sellers,71567,2412,442.3,70,3500.0,,,,,,,8,0.68,0.033702684198024226,0.1833747927031509,6.3185714285714285,0.02902155887230514,6.180222728352453,7.913181098801718,,
2024-01-18,Google Ads,g_5004,Display_Remarketing,gad_6004,Cart_Abandoners,135234,501,133.6,14,700.0,,,,,,,7,0.35,0.003704689649052753,0.26666666666666666,9.542857142857143,0.027944111776447105,0.9879172397474008,5.2395209580838324,,
2024-01-19,Google Ads,g_5001,Search_Brand_Terms,gad_6001,Brand_Exact,24567,1289,246.8,48,2400.0,,,,,,,9,0.91,0.05246875890422111,0.19146625290923197,5.141666666666667,0.037238169123351435,10.045996662189117,9.724473257698541,,
2024-01-19,Google Ads,g_5002,Search_Generic_Terms,gad_6002,Product_Broad,44890,890,574.7,23,1150.0,,,,,,,7,0.44,0.019826241924704835,0.6457303370786517,24.98695652173913,0.025842696629213482,12.80240588104255,2.001044022968505,,
2024-01-19,Google Ads,g_5003,Shopping_All_Products,gad_6003,Best_Sellers,69234,2301,423.5,67,3350.0,,,,,,,8,0.67,0.03323511569460092,0.1840504128639722,6.32089552238806,0.029117774880486745,6.116936765173181,7.910271546635183,,
2024-01-19,Google Ads,g_5004,Display_Remarketing,gad_6004,Cart_Abandoners,131567,478,129.4,13,650.0,,,,,,,7,0.34,0.003633129888193848,0.27071129707112973,9.953846153846154,0.027196652719665274,0.9835293044608451,5.023183925811437,,
2024-01-20,Google Ads,g_5001,Search_Brand_Terms,gad_6001,Brand_Exact,22345,1123,214.5,42,2100.0,,,,,,,9,0.89,0.05025732826135601,0.19100623330365094,5.107142857142857,0.037399821905609976,9.599462967106735,9.79020979020979,,
2024-01-20,Google Ads,g_5002,Search_Generic_Terms,gad_6002,Product_Broad,40567,812,520.4,20,1000.0,,,,,,,6,0.42,0.020016269381517,0.6408866995073891,26.02,0.024630541871921183,12.828160820371238,1.9215987701767872,,
2024-01-20,Google Ads,g_5003,Shopping_All_Products,gad_6003,Best_Sellers,64890,2067,376.8,59,2950.0,,,,,,,8,0.65,0.031853906611188164,0.18229317851959362,6.386440677966102,0.028543783260764392,5.806749884419787,7.829087048832272,,
2024-01-20,Google Ads,g_5004,Display_Remarketing,gad_6004,Cart_Abandoners,124567,445,122.3,12,600.0,,,,,,,7,0.33,0.00357237470598152,0.2748314606741573,10.191666666666666,0.02696629213483146,0.9818009585203142,4.905968928863451,,
2024-01-21,Google Ads,g_5001,Search_Brand_Terms,gad_6001,Brand_Exact,21567,1089,207.8,41,2050.0,,,,,,,9,0.88,0.050493809987480875,0.1908172635445363,5.068292682926829,0.03764921946740129,9.635090647748877,9.865255052935515,,
2024-01-21,Google Ads,g_5002,Search_Generic_Terms,gad_6002,Product_Broad,38901,778,498.7,19,950.0,,,,,,,6,0.41,0.019999485874399116,0.6410025706940874,26.24736842105263,0.02442159383033419,12.819721858049922,1.904952877481452,,
2024-01-21,Google Ads,g_5003,Shopping_All_Products,gad_6003,Best_Sellers,62345,1989,365.4,57,2850.0,,,,,,,8,0.63,0.03190311973694763,0.183710407239819,6.410526315789474,0.02865761689291101,5.860935119095356,7.7996715927750415,,
2024-01-21,Google Ads,g_5004,Display_Remarketing,gad_6004,Cart_Abandoners,118234,423,116.2,11,550.0,,,,,,,7,0.32,0.003577651098668742,0.27470449172576833,10.563636363636364,0.026004728132387706,0.9827968266319332,4.733218588640275,,
2024-01-22,Google Ads,g_5001,Search_Brand_Terms,gad_6001,Brand_Exact,24234,1267,241.2,47,2350.0,,,,,,,9,0.91,0.052281917966493355,0.19037095501183898,5.131914893617021,0.037095501183898975,9.952958653131963,9.742951907131012,,
2024-01-22,Google Ads,g_5002,Search_Generic_Terms,gad_6002,Product_Broad,42890,845,549.3,22,1100.0,,,,,,,7,0.44,0.019701562135695967,0.650059171597633,24.968181818181815,0.02603550295857988,12.807181161109815,2.0025486983433463,,
2024-01-22,Google Ads,g_5003,Shopping_All_Products,gad_6003,Best_Sellers,66789,2223,407.9,64,3200.0,,,,,,,8,0.66,0.033283923999460986,0.18349077822762033,6.3734375,0.028789923526765633,6.107293117130066,7.845060063741114,,
2024-01-22,Google Ads,g_5004,Display_Remarketing,gad_6004,Cart_Abandoners,127890,456,125.6,13,650.0,,,,,,,7,0.34,0.0035655641566971616,0.27543859649122804,9.661538461538461,0.02850877192982456,0.9820939870200953,5.17515923566879,,
2024-01-23,Google Ads,g_5001,Search_Brand_Terms,gad_6001,Brand_Exact,25678,1356,259.4,51,2550.0,,,,,,,9,0.92,0.05280785107874445,0.19129793510324483,5.086274509803921,0.03761061946902655,10.102032868603473,9.830377794911335,,
2024-01-23,Google Ads,g_5002,Search_Generic_Terms,gad_6002,Product_Broad,45123,912,577.8,24,1200.0,,,,,,,7,0.45,0.02021142211289143,0.6335526315789474,24.075,0.02631578947368421,12.804999667575293,2.076843198338526,,
2024-01-23,Google Ads,g_5003,Shopping_All_Products,gad_6003,Best_Sellers,70234,2389,432.6,69,3450.0,,,,,,,8,0.67,0.03401486459549506,0.18107994976977815,6.269565217391305,0.02888237756383424,6.159409972378051,7.9750346740638,,
2024-01-23,Google Ads,g_5004,Display_Remarketing,gad_6004,Cart_Abandoners,133456,489,131.2,14,700.0,,,,,,,7,0.35,0.0036641290013187866,0.26830265848670753,9.37142857142857,0.028629856850715747,0.9830955520920752,5.335365853658537,,
2024-01-24,Google Ads,g_5001,Search_Brand_Terms,gad_6001,Brand_Exact,27123,1434,274.3,55,2750.0,,,,,,,9,0.93,0.052870257714854554,0.19128312412831242,4.987272727272727,0.038354253835425386,10.113188069166391,10.02551950419249,,
2024-01-24,Google Ads,g_5002,Search_Generic_Terms,gad_6002,Product_Broad,47890,978,613.5,26,1300.0,,,,,,,7,0.46,0.02042179995823763,0.6273006134969326,23.596153846153847,0.026584867075664622,12.810607642514096,2.1189894050529747,,
2024-01-24,Google Ads,g_5003,Shopping_All_Products,gad_6003,Best_Sellers,73456,2501,456.7,73,3650.0,,,,,,,8,0.69,0.03404759311696798,0.18260695721711315,6.256164383561644,0.029188324670131948,6.217327379655848,7.992117363696081,,
2024-01-24,Google Ads,g_5004,Display_Remarketing,gad_6004,Cart_Abandoners,139234,523,136.8,15,750.0,,,,,,,7,0.36,0.0037562664291767816,0.26156787762906314,9.120000000000001,0.028680688336520075,0.9825186376890703,5.482456140350877,,
2024-01-25,Google Ads,g_5001,Search_Brand_Terms,gad_6001,Brand_Exact,28234,1512,287.6,58,2900.0,,,,,,,9,0.94,0.05355245448749734,0.19021164021164022,4.958620689655173,0.03835978835978836,10.186300205426082,10.083449235048677,,
2024-01-25,Google Ads,g_5002,Search_Generic_Terms,gad_6002,Product_Broad,49567,1012,634.2,27,1350.0,,,,,,,7,0.47,0.020416809570883855,0.6266798418972332,23.48888888888889,0.0266798418972332,12.794802993927412,2.128666035950804,,
2024-01-25,Google Ads,g_5003,Shopping_All_Products,gad_6003,Best_Sellers,75234,2567,467.8,75,3750.0,,,,,,,8,0.7,0.03412021160645453,0.18223607323724192,6.237333333333334,0.0292169848071679,6.217933381184039,8.01624625908508,,
2024-01-25,Google Ads,g_5004,Display_Remarketing,gad_6004,Cart_Abandoners,142345,545,139.9,16,800.0,,,,,,,7,0.37,0.0038287259826477924,0.25669724770642205,8.74375,0.029357798165137616,0.9828234219677544,5.718370264474625,,
2024-01-26,Google Ads,g_5001,Search_Brand_Terms,gad_6001,Brand_Exact,26789,1378,263.4,53,2650.0,,,,,,,9,0.92,0.05143902347978648,0.1911465892597968,4.969811320754717,0.038461538461538464,9.832393893015789,10.06074411541382,,
2024-01-26,Google Ads,g_5002,Search_Generic_Terms,gad_6002,Product_Broad,47234,945,605.6,25,1250.0,,,,,,,7,0.46,0.02000677478087818,0.6408465608465609,24.224,0.026455026455026454,12.821272811957488,2.0640686922060767,,
2024-01-26,Google Ads,g_5003,Shopping_All_Products,gad_6003,Best_Sellers,72890,2434,450.2,71,3550.0,,,,,,,8,0.69,0.033392783646590755,0.1849630238290879,6.340845070422535,0.029170090386195564,6.176430237343943,7.885384273656153,,
2024-01-26,Google Ads,g_5004,Display_Remarketing,gad_6004,Cart_Abandoners,138567,512,136.2,15,750.0,,,,,,,7,0.36,0.0036949634472854286,0.266015625,9.08,0.029296875,0.9829180107817878,5.506607929515419,,
2024-01-27,Google Ads,g_5001,Search_Brand_Terms,gad_6001,Brand_Exact,25234,1312,250.3,49,2450.0,,,,,,,9,0.91,0.05199334231592296,0.19077743902439026,5.108163265306123,0.037347560975609755,9.919156693350242,9.788254095085897,,
2024-01-27,Google Ads,g_5002,Search_Generic_Terms,gad_6002,Product_Broad,45678,901,584.5,24,1200.0,,,,,,,7,0.45,0.01972503174394676,0.6487236403995561,24.354166666666668,0.026637069922308545,12.796094399929943,2.0530367835757057,,
2024-01-27,Google Ads,g_5003,Shopping_All_Products,gad_6003,Best_Sellers,70123,2356,431.2,68,3400.0,,,,,,,8,0.68,0.03359810618484663,0.1830220713073005,6.341176470588235,0.028862478777589132,6.149194985953253,7.884972170686456,,
2024-01-27,Google Ads,g_5004,Display_Remarketing,gad_6004,Cart_Abandoners,134890,489,132.7,14,700.0,,,,,,,7,0.35,0.003625176069389873,0.2713701431492842,9.478571428571428,0.028629856850715747,0.9837645488916895,5.275056518462698,,
2024-01-28,Google Ads,g_5001,Search_Brand_Terms,gad_6001,Brand_Exact,23567,1189,226.8,44,2200.0,,,,,,,9,0.9,0.050451903084821996,0.19074852817493693,5.154545454545455,0.03700588730025231,9.623626257054356,9.700176366843033,,
2024-01-28,Google Ads,g_5002,Search_Generic_Terms,gad_6002,Product_Broad,42890,834,549.3,21,1050.0,,,,,,,7,0.43,0.01944509209605969,0.6586330935251798,26.157142857142855,0.025179856115107913,12.807181161109815,1.9115237575095578,,
2024-01-28,Google Ads,g_5003,Shopping_All_Products,gad_6003,Best_Sellers,66234,2167,395.8,61,3050.0,,,,,,,8,0.66,0.03271733550744331,0.1826488232579603,6.488524590163935,0.02814951545916013,5.975782830570402,7.7059120768064675,,
2024-01-28,Google Ads,g_5004,Display_Remarketing,gad_6004,Cart_Abandoners,127345,445,125.1,12,600.0,,,,,,,7,0.33,0.003494444226314343,0.28112359550561794,10.424999999999999,0.02696629213483146,0.9823707251953354,4.796163069544365,,
2024-01-29,Google Ads,g_5001,Search_Brand_Terms,gad_6001,Brand_Exact,24890,1278,244.2,47,2350.0,,,,,,,9,0.91,0.051345922057051026,0.19107981220657277,5.195744680851064,0.036776212832550864,9.811169144234633,9.623259623259624,,
2024-01-29,Google Ads,g_5002,Search_Generic_Terms,gad_6002,Product_Broad,44567,878,570.8,23,1150.0,,,,,,,7,0.44,0.019700675387618643,0.6501138952164008,24.817391304347826,0.02619589977220957,12.807682814638634,2.0147161878065876,,
2024-01-29,Google Ads,g_5003,Shopping_All_Products,gad_6003,Best_Sellers,68456,2289,419.5,66,3300.0,,,,,,,8,0.67,0.033437536519808346,0.18326780253385758,6.356060606060606,0.028833551769331587,6.128023840130887,7.866507747318236,,
2024-01-29,Google Ads,g_5004,Display_Remarketing,gad_6004,Cart_Abandoners,131234,467,128.9,13,650.0,,,,,,,7,0.34,0.0035585290397305578,0.27601713062098504,9.915384615384616,0.027837259100642397,0.9822149747778777,5.04266873545384,,
2024-01-30,Google Ads,g_5001,Search_Brand_Terms,gad_6001,Brand_Exact,25456,1334,254.6,50,2500.0,,,,,,,9,0.92,0.052404148334380896,0.19085457271364317,5.092,0.037481259370314844,10.001571338780641,9.819324430479183,,
2024-01-30,Google Ads,g_5002,Search_Generic_Terms,gad_6002,Product_Broad,45890,912,587.7,24,1200.0,,,,,,,7,0.45,0.019873610808455,0.6444078947368421,24.4875,0.02631578947368421,12.80671170189584,2.041858090862685,,
2024-01-30,Google Ads,g_5003,Shopping_All_Products,gad_6003,Best_Sellers,70234,2367,432.1,68,3400.0,,,,,,,8,0.67,0.033701625993108754,0.18255175327418674,6.354411764705882,0.0287283481199831,6.152290913232907,7.868548947003008,,
2024-01-30,Google Ads,g_5004,Display_Remarketing,gad_6004,Cart_Abandoners,133456,478,131.2,14,700.0,,,,,,,7,0.35,0.0035817048315549696,0.2744769874476987,9.37142857142857,0.029288702928870293,0.9830955520920752,5.335365853658537,,
2024-01-01,TikTok,tt_8001,Awareness_GenZ,ttad_9001,Dance_Challenge,234567,3456,456.7,34,,198234.0,8923.0,2345.0,567.0,,,,,0.014733530291984806,0.13214699074074074,13.43235294117647,0.009837962962962963,1.9469916910733394,,11835.0,0.05045466753635422
2024-01-01,TikTok,tt_8002,Conversion_Focus,ttad_9002,Product_Demo,123456,2345,678.9,67,,89234.0,4567.0,1234.0,234.0,,,,,0.018994621565578018,0.2895095948827292,10.132835820895522,0.02857142857142857,5.499125194401244,,6035.0,0.04888381285640228
2024-01-01,TikTok,tt_8003,Traffic_Campaign,ttad_9003,Trending_Sounds,189234,2890,345.6,23,,145678.0,6789.0,1890.0,456.0,,,,,0.015272096980458057,0.1195847750865052,15.02608695652174,0.00795847750865052,1.8263102825073718,,9135.0,0.04827356606106725
2024-01-02,TikTok,tt_8001,Awareness_GenZ,ttad_9001,Dance_Challenge,245678,3678,478.9,36,,207345.0,9234.0,2456.0,589.0,,,,,0.014970815457631534,0.13020663404023924,13.302777777777777,0.009787928221859706,1.9492994895757862,,12279.0,0.049980055194197286
2024-01-02,TikTok,tt_8002,Conversion_Focus,ttad_9002,Product_Demo,134567,2567,712.3,71,,95678.0,4789.0,1345.0,245.0,,,,,0.019075999316325698,0.2774834437086093,10.032394366197183,0.02765874561745228,5.29327398247713,,6379.0,0.047403895457281506
2024-01-02,TikTok,tt_8003,Traffic_Campaign,ttad_9003,Trending_Sounds,198345,3012,361.2,25,,152345.0,7123.0,1967.0,478.0,,,,,0.015185661347651818,0.1199203187250996,14.448,0.008300132802124834,1.8210693488618317,,9568.0,0.04823917920794575
2024-01-03,TikTok,tt_8001,Awareness_GenZ,ttad_9001,Dance_Challenge,223456,3234,434.5,32,,189234.0,8567.0,2234.0,534.0,,,,,0.014472647859086352,0.13435374149659865,13.578125,0.009894867037724181,1.9444543892309896,,11335.0,0.050725869969926965
2024-01-03,TikTok,tt_8002,Conversion_Focus,ttad_9002,Product_Demo,112345,2123,623.4,62,,82345.0,4234.0,1123.0,212.0,,,,,0.018897147180559883,0.29364107395195477,10.05483870967742,0.02920395666509656,5.5489785927277575,,5569.0,0.04957051938226
2024-01-03,TikTok,tt_8004,Influencer_Collab,ttad_9004,Creator_Partnership,345678,5678,890.1,89,,289234.0,15678.0,4567.0,1234.0,,,,,0.0164256909609521,0.15676294469883761,10.001123595505618,0.01567453328636844,2.574939683751931,,21479.0,0.06213586054073444
2024-01-04,TikTok,tt_8001,Awareness_GenZ,ttad_9001,Dance_Challenge,256789,3890,512.3,39,,217456.0,9567.0,2567.0,612.0,,,,,0.01514862396753755,0.13169665809768635,13.135897435897435,0.010025706940874035,1.9950231513032097,,12746.0,0.049636082542476506
2024-01-04,TikTok,tt_8003,Traffic_Campaign,ttad_9003,Trending_Sounds,201234,3123,374.5,26,,157890.0,7345.0,2034.0,489.0,,,,,0.01551924625063359,0.11991674671789945,14.403846153846153,0.008325328210054436,1.861017521889939,,9868.0,0.0490374390013616
2024-01-04,TikTok,tt_8004,Influencer_Collab,ttad_9004,Creator_Partnership,367890,6012,923.4,94,,301234.0,16234.0,4789.0,1289.0,,,,,0.01634184131126152,0.1535928143712575,9.823404255319149,0.015635395874916833,2.5099893990051374,,22312.0,0.06064856342928593
2024-01-05,TikTok,tt_8001,Awareness_GenZ,ttad_9001,Dance_Challenge,234234,3467,460.2,35,,199234.0,8945.0,2367.0,578.0,,,,,0.014801437878360956,0.13273723680415345,13.148571428571428,0.010095183155465821,1.9647019647019648,,11890.0,0.05076120460735845
2024-01-05,TikTok,tt_8002,Conversion_Focus,ttad_9002,Product_Demo,128901,2456,689.5,68,,91234.0,4678.0,1267.0,237.0,,,,,0.019053382052893305,0.28074104234527686,10.139705882352942,0.02768729641693811,5.349066337732058,,6182.0,0.04795928658427786
2024-01-05,TikTok,tt_8004,Influencer_Collab,ttad_9004,Creator_Partnership,356789,5834,901.2,91,,293456.0,15890.0,4634.0,1256.0,,,,,0.016351400968079174,0.15447377442577992,9.903296703296704,0.015598217346588962,2.5258626246885414,,21780.0,0.06104448287363119
2024-01-06,TikTok,tt_8001,Awareness_GenZ,ttad_9001,Dance_Challenge,267890,3945,523.4,40,,221234.0,9789.0,2634.0,623.0,,,,,0.014726193586920004,0.1326742712294043,13.084999999999999,0.010139416983523447,1.9537870021277388,,13046.0,0.04869909291126955
2024-01-06,TikTok,tt_8003,Traffic_Campaign,ttad_9003,Trending_Sounds,205678,3234,387.8,27,,162345.0,7567.0,2089.0,501.0,,,,,0.015723606802866618,0.11991341991341992,14.362962962962964,0.008348794063079777,1.8854714651056508,,10157.0,0.04938301617090792
2024-01-06,TikTok,tt_8004,Influencer_Collab,ttad_9004,Creator_Partnership,378901,6123,945.6,96,,312345.0,16567.0,4823.0,1312.0,,,,,0.016159894009253075,0.15443410093091622,9.85,0.01567858892699657,2.495638702457898,,22702.0,0.05991538686886548
2024-01-07,TikTok,tt_8001,Awareness_GenZ,ttad_9001,Dance_Challenge,278901,4123,545.6,42,,229234.0,10123.0,2712.0,645.0,,,,,0.014783023366714354,0.1323308270676692,12.99047619047619,0.010186757215619695,1.9562497086779898,,13480.0,0.04833256245047526
2024-01-07,TikTok,tt_8002,Conversion_Focus,ttad_9002,Product_Demo,138901,2678,734.5,73,,97890.0,4901.0,1356.0,256.0,,,,,0.01927991879108142,0.27427184466019416,10.061643835616438,0.02725914861837192,5.287938891728642,,6513.0,0.04688951123462034
2024-01-07,TikTok,tt_8003,Traffic_Campaign,ttad_9003,Trending_Sounds,212345,3345,401.1,28,,167890.0,7789.0,2145.0,512.0,,,,,0.01575266665096894,0.1199103139013453,14.325000000000001,0.00837070254110613,1.8889072029009395,,10446.0,0.04919352939791377
2024-01-08,TikTok,tt_8001,Awareness_GenZ,ttad_9001,Dance_Challenge,245234,3578,474.3,37,,203456.0,8978.0,2389.0,590.0,,,,,0.01459014655390362,0.1325600894354388,12.81891891891892,0.01034097261039687,1.9340711320616228,,11957.0,0.048757513232259804
2024-01-08,TikTok,tt_8002,Conversion_Focus,ttad_9002,Product_Demo,119234,2234,645.6,64,,85678.0,4345.0,1189.0,223.0,,,,,0.018736266501165773,0.2889883616830797,10.0875,0.02864816472694718,5.414562960229465,,5757.0,0.048283207809852895
2024-01-08,TikTok,tt_8004,Influencer_Collab,ttad_9004,Creator_Partnership,389012,6234,967.8,98,,321234.0,16901.0,4912.0,1345.0,,,,,0.016025212589842987,0.15524542829643886,9.875510204081632,0.015720243824189926,2.487840992051659,,23158.0,0.05953029726589411
2024-01-09,TikTok,tt_8001,Awareness_GenZ,ttad_9001,Dance_Challenge,289012,4234,556.7,43,,234567.0,10345.0,2789.0,656.0,,,,,0.014649910730350296,0.13148323098724612,12.946511627906977,0.010155880963627776,1.9262175965011836,,13790.0,0.047714281759926924
2024-01-09,TikTok,tt_8003,Traffic_Campaign,ttad_9003,Trending_Sounds,218901,3456,414.4,29,,173456.0,8012.0,2201.0,523.0,,,,,0.015787958940342895,0.11990740740740741,14.289655172413791,0.008391203703703705,1.8930932247911156,,10736.0,0.04904500207856519
2024-01-09,TikTok,tt_8004,Influencer_Collab,ttad_9004,Creator_Partnership,401234,6456,989.9,101,,332345.0,17234.0,5012.0,1378.0,,,,,0.01609036123558821,0.15333023543990087,9.800990099009901,0.015644361833952913,2.4671388765657944,,23624.0,0.058878360258602214
2024-01-10,TikTok,tt_8001,Awareness_GenZ,ttad_9001,Dance_Challenge,256234,3701,490.5,38,,209234.0,9123.0,2423.0,601.0,,,,,0.014443828687840022,0.1325317481761686,12.907894736842104,0.01026749527154823,1.9142658663565335,,12147.0,0.04740588680659085
2024-01-10,TikTok,tt_8002,Conversion_Focus,ttad_9002,Product_Demo,145678,2789,756.7,76,,101234.0,5012.0,1423.0,267.0,,,,,0.0191449635497467,0.27131588382932953,9.956578947368422,0.027249910362136965,5.194332706379825,,6702.0,0.046005573937039225
2024-01-10,TikTok,tt_8003,Traffic_Campaign,ttad_9003,Trending_Sounds,223456,3567,427.7,30,,178901.0,8234.0,2267.0,534.0,,,,,0.015962874122869827,0.11990468180543874,14.256666666666666,0.008410428931875526,1.9140233424029784,,11035.0,0.04938332378633825
2024-01-11,TikTok,tt_8001,Awareness_GenZ,ttad_9001,Dance_Challenge,278901,4123,523.6,42,,234567.0,10345.0,2789.0,656.0,,,,,0.014783023366714354,0.1269949066213922,12.466666666666667,0.010186757215619695,1.8773686720377483,,13790.0,0.04944406796676957
2024-01-11,TikTok,tt_8002,Conversion_Focus,ttad_9002,Product_Demo,156789,3012,812.3,82,,109876.0,5456.0,1567.0,289.0,,,,,0.019210531351051413,0.2696879150066401,9.90609756097561,0.027224435590969456,5.180848146234748,,7312.0,0.04663592471410622
2024-01-11,TikTok,tt_8003,Traffic_Campaign,ttad_9003,Trending_Sounds,234567,3789,456.8,33,,189234.0,8789.0,2434.0,567.0,,,,,0.01615316732532709,0.12055951438374242,13.842424242424244,0.00870942201108472,1.9474180085007695,,11790.0,0.050262824694010666
2024-01-11,TikTok,tt_8004,Influencer_Collab,ttad_9004,Creator_Partnership,412345,6789,1023.4,103,,345678.0,18234.0,5234.0,1456.0,,,,,0.01646436842934921,0.15074385034614818,9.935922330097087,0.015171601119457947,2.481902290557664,,24924.0,0.06044453067213135
2024-01-12,TikTok,tt_8001,Awareness_GenZ,ttad_9001,Dance_Challenge,267890,3945,501.2,40,,221234.0,9789.0,2634.0,623.0,,,,,0.014726193586920004,0.1270468948035488,12.53,0.010139416983523447,1.8709171674941207,,13046.0,0.04869909291126955
2024-01-12,TikTok,tt_8002,Conversion_Focus,ttad_9002,Product_Demo,148901,2834,767.5,77,,103456.0,5123.0,1456.0,278.0,,,,,0.01903278016937428,0.270818630910374,9.967532467532468,0.027170077628793227,5.15443146788806,,6857.0,0.046050731694212935
2024-01-12,TikTok,tt_8003,Traffic_Campaign,ttad_9003,Trending_Sounds,228901,3634,441.9,31,,182345.0,8456.0,2301.0,545.0,,,,,0.015875858995810416,0.12160154100165106,14.254838709677419,0.0085305448541552,1.9305289186154713,,11302.0,0.049375057339199044
2024-01-12,TikTok,tt_8004,Influencer_Collab,ttad_9004,Creator_Partnership,398567,6534,998.7,98,,332345.0,17756.0,5012.0,1389.0,,,,,0.016393730539658327,0.15284664830119377,10.190816326530612,0.01499846954392409,2.505726766139696,,24157.0,0.060609634013854635
2024-01-13,TikTok,tt_8001,Awareness_GenZ,ttad_9001,Dance_Challenge,234567,3456,456.7,34,,198234.0,8923.0,2345.0,567.0,,,,,0.014733530291984806,0.13214699074074074,13.43235294117647,0.009837962962962963,1.9469916910733394,,11835.0,0.05045466753635422
2024-01-13,TikTok,tt_8002,Conversion_Focus,ttad_9002,Product_Demo,134567,2567,712.3,71,,95678.0,4789.0,1345.0,245.0,,,,,0.019075999316325698,0.2774834437086093,10.032394366197183,0.02765874561745228,5.29327398247713,,6379.0,0.047403895457281506
2024-01-13,TikTok,tt_8003,Traffic_Campaign,ttad_9003,Trending_Sounds,201234,3123,374.5,26,,157890.0,7345.0,2034.0,489.0,,,,,0.01551924625063359,0.11991674671789945,14.403846153846153,0.008325328210054436,1.861017521889939,,9868.0,0.0490374390013616
2024-01-13,TikTok,tt_8004,Influencer_Collab,ttad_9004,Creator_Partnership,367890,6012,923.4,94,,301234.0,16234.0,4789.0,1289.0,,,,,0.01634184131126152,0.1535928143712575,9.823404255319149,0.015635395874916833,2.5099893990051374,,22312.0,0.06064856342928593
2024-01-14,TikTok,tt_8001,Awareness_GenZ,ttad_9001,Dance_Challenge,223456,3234,434.5,32,,189234.0,8567.0,2234.0,534.0,,,,,0.014472647859086352,0.13435374149659865,13.578125,0.009894867037724181,1.9444543892309896,,11335.0,0.050725869969926965
2024-01-14,TikTok,tt_8002,Conversion_Focus,ttad_9002,Product_Demo,128901,2456,689.5,68,,91234.0,4678.0,1267.0,237.0,,,,,0.019053382052893305,0.28074104234527686,10.139705882352942,0.02768729641693811,5.349066337732058,,6182.0,0.04795928658427786
2024-01-14,TikTok,tt_8003,Traffic_Campaign,ttad_9003,Trending_Sounds,195678,2989,361.2,25,,152345.0,7123.0,1967.0,478.0,,,,,0.015275094798597696,0.12084309133489461,14.448,0.008364001338240215,1.845889675896115,,9568.0,0.04889665675241979
2024-01-14,TikTok,tt_8004,Influencer_Collab,ttad_9004,Creator_Partnership,356789,5834,901.2,91,,293456.0,15890.0,4634.0,1256.0,,,,,0.016351400968079174,0.15447377442577992,9.903296703296704,0.015598217346588962,2.5258626246885414,,21780.0,0.06104448287363119
2024-01-15,TikTok,tt_8001,Awareness_GenZ,ttad_9001,Dance_Challenge,246789,3678,478.9,36,,207345.0,9234.0,2456.0,589.0,,,,,0.014903419520318976,0.13020663404023924,13.302777777777777,0.009787928221859706,1.940524091430331,,12279.0,0.049755053912451525
2024-01-15,TikTok,tt_8002,Conversion_Focus,ttad_9002,Product_Demo,142345,2678,734.5,73,,97890.0,4901.0,1356.0,256.0,,,,,0.018813446204643647,0.27427184466019416,10.061643835616438,0.02725914861837192,5.159998594962943,,6513.0,0.04575503178896343
2024-01-15,TikTok,tt_8003,Traffic_Campaign,ttad_9003,Trending_Sounds,212345,3345,401.1,28,,167890.0,7789.0,2145.0,512.0,,,,,0.01575266665096894,0.1199103139013453,14.325000000000001,0.00837070254110613,1.8889072029009395,,10446.0,0.04919352939791377
2024-01-15,TikTok,tt_8004,Influencer_Collab,ttad_9004,Creator_Partnership,378901,6123,945.6,96,,312345.0,16567.0,4823.0,1312.0,,,,,0.016159894009253075,0.15443410093091622,9.85,0.01567858892699657,2.495638702457898,,22702.0,0.05991538686886548
2024-01-16,TikTok,tt_8001,Awareness_GenZ,ttad_9001,Dance_Challenge,289012,4234,556.7,43,,234567.0,10345.0,2789.0,656.0,,,,,0.014649910730350296,0.13148323098724612,12.946511627906977,0.010155880963627776,1.9262175965011836,,13790.0,0.047714281759926924
2024-01-16,TikTok,tt_8002,Conversion_Focus,ttad_9002,Product_Demo,156789,3012,812.3,82,,109876.0,5456.0,1567.0,289.0,,,,,0.019210531351051413,0.2696879150066401,9.90609756097561,0.027224435590969456,5.180848146234748,,7312.0,0.04663592471410622
2024-01-16,TikTok,tt_8003,Traffic_Campaign,ttad_9003,Trending_Sounds,245678,3890,467.8,34,,195678.0,8567.0,2345.0,567.0,,,,,0.015833733586238897,0.12025706940874037,13.758823529411766,0.008740359897172237,1.9041183988798345,,11479.0,0.04672376036926383
2024-01-16,TikTok,tt_8004,Influencer_Collab,ttad_9004,Creator_Partnership,423456,6890,1056.8,107,,356789.0,18890.0,5456.0,1489.0,,,,,0.016270875840701277,0.15338171262699563,9.876635514018691,0.015529753265602322,2.4956548023879694,,25835.0,0.061009880601526484
2024-01-17,TikTok,tt_8001,Awareness_GenZ,ttad_9001,Dance_Challenge,301234,4456,589.9,46,,245678.0,10789.0,2901.0,689.0,,,,,0.014792486903868753,0.13238330341113105,12.82391304347826,0.010323159784560144,1.9582782820000395,,14379.0,0.047733655563449016
2024-01-17,TikTok,tt_8002,Conversion_Focus,ttad_9002,Product_Demo,167890,3234,845.6,85,,117890.0,5678.0,1634.0,312.0,,,,,0.019262612424801952,0.26147186147186147,9.948235294117648,0.026283240568954855,5.0366311275239735,,7624.0,0.04541068556793138
2024-01-17,TikTok,tt_8003,Traffic_Campaign,ttad_9003,Trending_Sounds,256789,4012,489.2,36,,201234.0,8901.0,2456.0,589.0,,,,,0.015623722199938472,0.12193419740777667,13.588888888888889,0.00897308075772682,1.9050660269715605,,11946.0,0.04652068429722457
2024-01-17,TikTok,tt_8004,Influencer_Collab,ttad_9004,Creator_Partnership,445678,7234,1123.5,113,,378901.0,19567.0,5678.0,1567.0,,,,,0.016231449611602996,0.1553082665192148,9.942477876106194,0.015620680121647775,2.520878302272044,,26812.0,0.06016002584825816
2024-01-18,TikTok,tt_8001,Awareness_GenZ,ttad_9001,Dance_Challenge,290123,4189,567.8,44,,236789.0,10456.0,2812.0,678.0,,,,,0.014438703584341813,0.1355454762473144,12.904545454545454,0.010503700167104321,1.9571009537334163,,13946.0,0.04806926717288874
2024-01-18,TikTok,tt_8002,Conversion_Focus,ttad_9002,Product_Demo,161234,3089,823.7,83,,113456.0,5523.0,1589.0,301.0,,,,,0.01915849014475855,0.2666558756879249,9.92409638554217,0.026869537067011978,5.1087239664090704,,7413.0,0.04597665504794274
2024-01-18,TikTok,tt_8003,Traffic_Campaign,ttad_9003,Trending_Sounds,248901,3934,478.5,35,,195234.0,8734.0,2401.0,578.0,,,,,0.015805480894010068,0.12163192679206915,13.67142857142857,0.008896797153024912,1.9224510950136802,,11713.0,0.0470588707960193
2024-01-18,TikTok,tt_8004,Influencer_Collab,ttad_9004,Creator_Partnership,434567,7012,1089.3,109,,367890.0,19234.0,5534.0,1523.0,,,,,0.016135601644855686,0.15534797490017113,9.993577981651375,0.015544780376497433,2.5066330393242007,,26291.0,0.060499301603665255
2024-01-19,TikTok,tt_8001,Awareness_GenZ,ttad_9001,Dance_Challenge,278901,4123,545.6,42,,229234.0,10123.0,2712.0,645.0,,,,,0.014783023366714354,0.1323308270676692,12.99047619047619,0.010186757215619695,1.9562497086779898,,13480.0,0.04833256245047526
2024-01-19,TikTok,tt_8002,Conversion_Focus,ttad_9002,Product_Demo,153456,2945,789.2,79,,107890.0,5234.0,1456.0,278.0,,,,,0.019191168804087166,0.2679796264855688,9.989873417721519,0.026825127334465196,5.142842247940778,,6968.0,0.045407152538838494
2024-01-19,TikTok,tt_8003,Traffic_Campaign,ttad_9003,Trending_Sounds,236789,3734,456.8,33,,187890.0,8456.0,2267.0,545.0,,,,,0.015769313608317955,0.12233529726834494,13.842424242424244,0.008837707552222818,1.929143667991334,,11268.0,0.04758666998889306
2024-01-19,TikTok,tt_8004,Influencer_Collab,ttad_9004,Creator_Partnership,423456,6789,1034.5,104,,356789.0,18756.0,5345.0,1456.0,,,,,0.01603236227612786,0.1523788481366917,9.947115384615385,0.015318898217705112,2.4429928965465124,,25557.0,0.06035337791883927
2024-01-20,TikTok,tt_8001,Awareness_GenZ,ttad_9001,Dance_Challenge,256234,3701,490.5,38,,209234.0,9123.0,2423.0,601.0,,,,,0.014443828687840022,0.1325317481761686,12.907894736842104,0.01026749527154823,1.9142658663565335,,12147.0,0.04740588680659085
2024-01-20,TikTok,tt_8002,Conversion_Focus,ttad_9002,Product_Demo,142345,2678,734.5,73,,97890.0,4901.0,1356.0,256.0,,,,,0.018813446204643647,0.27427184466019416,10.061643835616438,0.02725914861837192,5.159998594962943,,6513.0,0.04575503178896343
2024-01-20,TikTok,tt_8003,Traffic_Campaign,ttad_9003,Trending_Sounds,218901,3456,414.4,29,,173456.0,8012.0,2201.0,523.0,,,,,0.015787958940342895,0.11990740740740741,14.289655172413791,0.008391203703703705,1.8930932247911156,,10736.0,0.04904500207856519
2024-01-20,TikTok,tt_8004,Influencer_Collab,ttad_9004,Creator_Partnership,389012,6234,967.8,98,,321234.0,16901.0,4912.0,1345.0,,,,,0.016025212589842987,0.15524542829643886,9.875510204081632,0.015720243824189926,2.487840992051659,,23158.0,0.05953029726589411
2024-01-21,TikTok,tt_8001,Awareness_GenZ,ttad_9001,Dance_Challenge,234567,3456,445.7,34,,195234.0,8756.0,2234.0,534.0,,,,,0.014733530291984806,0.12896412037037036,13.108823529411765,0.009837962962962963,1.9000967740560266,,11524.0,0.04912882033704656
2024-01-21,TikTok,tt_8002,Conversion_Focus,ttad_9002,Product_Demo,128901,2456,678.9,67,,89234.0,4567.0,1234.0,234.0,,,,,0.019053382052893305,0.27642508143322475,10.132835820895522,0.02728013029315961,5.2668326855493754,,6035.0,0.046818876502121784
2024-01-21,TikTok,tt_8003,Traffic_Campaign,ttad_9003,Trending_Sounds,201234,3123,374.5,26,,157890.0,7345.0,2034.0,489.0,,,,,0.01551924625063359,0.11991674671789945,14.403846153846153,0.008325328210054436,1.861017521889939,,9868.0,0.0490374390013616
2024-01-21,TikTok,tt_8004,Influencer_Collab,ttad_9004,Creator_Partnership,367890,6012,923.4,94,,301234.0,16234.0,4789.0,1289.0,,,,,0.01634184131126152,0.1535928143712575,9.823404255319149,0.015635395874916833,2.5099893990051374,,22312.0,0.06064856342928593
2024-01-22,TikTok,tt_8001,Awareness_GenZ,ttad_9001,Dance_Challenge,267890,3945,523.4,40,,221234.0,9789.0,2634.0,623.0,,,,,0.014726193586920004,0.1326742712294043,13.084999999999999,0.010139416983523447,1.9537870021277388,,13046.0,0.04869909291126955
2024-01-22,TikTok,tt_8002,Conversion_Focus,ttad_9002,Product_Demo,148901,2834,767.5,77,,103456.0,5123.0,1456.0,278.0,,,,,0.01903278016937428,0.270818630910374,9.967532467532468,0.027170077628793227,5.15443146788806,,6857.0,0.046050731694212935
2024-01-22,TikTok,tt_8003,Traffic_Campaign,ttad_9003,Trending_Sounds,228901,3634,441.9,31,,182345.0,8456.0,2301.0,545.0,,,,,0.015875858995810416,0.12160154100165106,14.254838709677419,0.0085305448541552,1.9305289186154713,,11302.0,0.049375057339199044
2024-01-22,TikTok,tt_8004,Influencer_Collab,ttad_9004,Creator_Partnership,398567,6534,998.7,98,,332345.0,17756.0,5012.0,1389.0,,,,,0.016393730539658327,0.15284664830119377,10.190816326530612,0.01499846954392409,2.505726766139696,,24157.0,0.060609634013854635
2024-01-23,TikTok,tt_8001,Awareness_GenZ,ttad_9001,Dance_Challenge,289012,4234,556.7,43,,234567.0,10345.0,2789.0,656.0,,,,,0.014649910730350296,0.13148323098724612,12.946511627906977,0.010155880963627776,1.9262175965011836,,13790.0,0.047714281759926924
2024-01-23,TikTok,tt_8002,Conversion_Focus,ttad_9002,Product_Demo,156789,3012,812.3,82,,109876.0,5456.0,1567.0,289.0,,,,,0.019210531351051413,0.2696879150066401,9.90609756097561,0.027224435590969456,5.180848146234748,,7312.0,0.04663592471410622
2024-01-23,TikTok,tt_8003,Traffic_Campaign,ttad_9003,Trending_Sounds,245678,3890,467.8,34,,195678.0,8567.0,2345.0,567.0,,,,,0.015833733586238897,0.12025706940874037,13.758823529411766,0.008740359897172237,1.9041183988798345,,11479.0,0.04672376036926383
2024-01-23,TikTok,tt_8004,Influencer_Collab,ttad_9004,Creator_Partnership,423456,6890,1056.8,107,,356789.0,18890.0,5456.0,1489.0,,,,,0.016270875840701277,0.15338171262699563,9.876635514018691,0.015529753265602322,2.4956548023879694,,25835.0,0.061009880601526484
2024-01-24,TikTok,tt_8001,Awareness_GenZ,ttad_9001,Dance_Challenge,312345,4567,623.4,48,,256789.0,11234.0,3012.0,723.0,,,,,0.014621652339560422,0.13650098532953797,12.987499999999999,0.01051018173855923,1.995869951495942,,14969.0,0.047924570587011155
2024-01-24,TikTok,tt_8002,Conversion_Focus,ttad_9002,Product_Demo,172345,3345,867.9,87,,123456.0,5890.0,1678.0,334.0,,,,,0.01940874408889147,0.25946188340807175,9.975862068965517,0.02600896860986547,5.03582929588906,,7902.0,0.04584989410774899
2024-01-24,TikTok,tt_8003,Traffic_Campaign,ttad_9003,Trending_Sounds,267890,4123,512.6,37,,212345.0,9123.0,2567.0,612.0,,,,,0.015390645414162529,0.1243269463982537,13.854054054054055,0.008974048023284017,1.913471947441114,,12302.0,0.045921833588413154
2024-01-24,TikTok,tt_8004,Influencer_Collab,ttad_9004,Creator_Partnership,456789,7456,1167.8,118,,389012.0,20234.0,5912.0,1623.0,,,,,0.01632263473945301,0.1566255364806867,9.896610169491526,0.01582618025751073,2.556541422845121,,27769.0,0.0607917441094247
2024-01-25,TikTok,tt_8001,Awareness_GenZ,ttad_9001,Dance_Challenge,323456,4789,645.7,50,,267890.0,11567.0,3134.0,734.0,,,,,0.01480572318955283,0.13482981833368135,12.914000000000001,0.01044059302568386,1.9962529679461816,,15435.0,0.04771900969529086
2024-01-25,TikTok,tt_8002,Conversion_Focus,ttad_9002,Product_Demo,178901,3456,889.5,89,,128901.0,6123.0,1734.0,345.0,,,,,0.019317946797390736,0.2573784722222222,9.99438202247191,0.025752314814814815,4.972023633182598,,8202.0,0.045846585541724195
2024-01-25,TikTok,tt_8003,Traffic_Campaign,ttad_9003,Trending_Sounds,278901,4234,534.2,39,,223456.0,9456.0,2634.0,623.0,,,,,0.015181014051581027,0.12616910722720834,13.697435897435899,0.009211147850732168,1.9153749896916827,,12713.0,0.0455824826730632
2024-01-25,TikTok,tt_8004,Influencer_Collab,ttad_9004,Creator_Partnership,467890,7623,1189.4,120,,401234.0,20789.0,6034.0,1678.0,,,,,0.01629229092308021,0.15602781057326512,9.911666666666667,0.015741833923652106,2.542050481950886,,28501.0,0.06091389001688431
2024-01-26,TikTok,tt_8001,Awareness_GenZ,ttad_9001,Dance_Challenge,301234,4456,589.9,46,,245678.0,10789.0,2901.0,689.0,,,,,0.014792486903868753,0.13238330341113105,12.82391304347826,0.010323159784560144,1.9582782820000395,,14379.0,0.047733655563449016
2024-01-26,TikTok,tt_8002,Conversion_Focus,ttad_9002,Product_Demo,167890,3234,845.6,85,,117890.0,5678.0,1634.0,312.0,,,,,0.019262612424801952,0.26147186147186147,9.948235294117648,0.026283240568954855,5.0366311275239735,,7624.0,0.04541068556793138
2024-01-26,TikTok,tt_8003,Traffic_Campaign,ttad_9003,Trending_Sounds,256789,4012,489.2,36,,201234.0,8901.0,2456.0,589.0,,,,,0.015623722199938472,0.12193419740777667,13.588888888888889,0.00897308075772682,1.9050660269715605,,11946.0,0.04652068429722457
2024-01-26,TikTok,tt_8004,Influencer_Collab,ttad_9004,Creator_Partnership,445678,7234,1123.5,113,,378901.0,19567.0,5678.0,1567.0,,,,,0.016231449611602996,0.1553082665192148,9.942477876106194,0.015620680121647775,2.520878302272044,,26812.0,0.06016002584825816
2024-01-27,TikTok,tt_8001,Awareness_GenZ,ttad_9001,Dance_Challenge,278901,4123,545.6,42,,229234.0,10123.0,2712.0,645.0,,,,,0.014783023366714354,0.1323308270676692,12.99047619047619,0.010186757215619695,1.9562497086779898,,13480.0,0.04833256245047526
2024-01-27,TikTok,tt_8002,Conversion_Focus,ttad_9002,Product_Demo,153456,2945,789.2,79,,107890.0,5234.0,1456.0,278.0,,,,,0.019191168804087166,0.2679796264855688,9.989873417721519,0.026825127334465196,5.142842247940778,,6968.0,0.045407152538838494
2024-01-27,TikTok,tt_8003,Traffic_Campaign,ttad_9003,Trending_Sounds,236789,3734,456.8,33,,187890.0,8456.0,2267.0,545.0,,,,,0.015769313608317955,0.12233529726834494,13.842424242424244,0.008837707552222818,1.929143667991334,,11268.0,0.04758666998889306
2024-01-27,TikTok,tt_8004,Influencer_Collab,ttad_9004,Creator_Partnership,423456,6789,1034.5,104,,356789.0,18756.0,5345.0,1456.0,,,,,0.01603236227612786,0.1523788481366917,9.947115384615385,0.015318898217705112,2.4429928965465124,,25557.0,0.06035337791883927
2024-01-28,TikTok,tt_8001,Awareness_GenZ,ttad_9001,Dance_Challenge,267890,3945,501.2,40,,221234.0,9789.0,2634.0,623.0,,,,,0.014726193586920004,0.1270468948035488,12.53,0.010139416983523447,1.8709171674941207,,13046.0,0.04869909291126955
2024-01-28,TikTok,tt_8002,Conversion_Focus,ttad_9002,Product_Demo,148901,2834,756.7,76,,101234.0,5012.0,1423.0,267.0,,,,,0.01903278016937428,0.26700776287932254,9.956578947368422,0.026817219477769938,5.08190005439856,,6702.0,0.045009771593206224
2024-01-28,TikTok,tt_8003,Traffic_Campaign,ttad_9003,Trending_Sounds,223456,3567,427.7,30,,178901.0,8234.0,2267.0,534.0,,,,,0.015962874122869827,0.11990468180543874,14.256666666666666,0.008410428931875526,1.9140233424029784,,11035.0,0.04938332378633825
2024-01-28,TikTok,tt_8004,Influencer_Collab,ttad_9004,Creator_Partnership,401234,6456,989.9,101,,332345.0,17234.0,5012.0,1378.0,,,,,0.01609036123558821,0.15333023543990087,9.800990099009901,0.015644361833952913,2.4671388765657944,,23624.0,0.058878360258602214
2024-01-29,TikTok,tt_8001,Awareness_GenZ,ttad_9001,Dance_Challenge,289012,4234,556.7,43,,234567.0,10345.0,2789.0,656.0,,,,,0.014649910730350296,0.13148323098724612,12.946511627906977,0.010155880963627776,1.9262175965011836,,13790.0,0.047714281759926924
2024-01-29,TikTok,tt_8002,Conversion_Focus,ttad_9002,Product_Demo,156789,3012,812.3,82,,109876.0,5456.0,1567.0,289.0,,,,,0.019210531351051413,0.2696879150066401,9.90609756097561,0.027224435590969456,5.180848146234748,,7312.0,0.04663592471410622
2024-01-29,TikTok,tt_8003,Traffic_Campaign,ttad_9003,Trending_Sounds,245678,3890,467.8,34,,195678.0,8567.0,2345.0,567.0,,,,,0.015833733586238897,0.12025706940874037,13.758823529411766,0.008740359897172237,1.9041183988798345,,11479.0,0.04672376036926383
2024-01-29,TikTok,tt_8004,Influencer_Collab,ttad_9004,Creator_Partnership,423456,6890,1056.8,107,,356789.0,18890.0,5456.0,1489.0,,,,,0.016270875840701277,0.15338171262699563,9.876635514018691,0.015529753265602322,2.4956548023879694,,25835.0,0.061009880601526484
2024-01-30,TikTok,tt_8001,Awareness_GenZ,ttad_9001,Dance_Challenge,295678,4345,573.2,44,,241234.0,10567.0,2856.0,667.0,,,,,0.014695039874458025,0.13192174913693902,13.02727272727273,0.010126582278481013,1.9385953638755675,,14090.0,0.047653190294847776
2024-01-30,TikTok,tt_8002,Conversion_Focus,ttad_9002,Product_Demo,161234,3089,823.7,83,,113456.0,5523.0,1589.0,301.0,,,,,0.01915849014475855,0.2666558756879249,9.92409638554217,0.026869537067011978,5.1087239664090704,,7413.0,0.04597665504794274
2024-01-30,TikTok,tt_8003,Traffic_Campaign,ttad_9003,Trending_Sounds,251234,3967,481.5,35,,198901.0,8678.0,2378.0,556.0,,,,,0.015790060262544082,0.12137635492815729,13.757142857142858,0.008822788001008318,1.9165399587635432,,11612.0,0.04621985877707635
2024-01-30,TikTok,tt_8004,Influencer_Collab,ttad_9004,Creator_Partnership,434567,7012,1089.3,109,,367890.0,19234.0,5534.0,1523.0,,,,,0.016135601644855686,0.15534797490017113,9.993577981651375,0.015544780376497433,2.5066330393242007,,26291.0,0.060499301603665255
